order_item_id,order_id,product_id,quantity
1,1001,16,1
2,1001,30,3
3,1001,4,2
4,1001,15,3
5,1002,13,2
6,1002,11,1
7,1002,13,1
8,1002,11,1
9,1002,11,1
10,1003,11,1
11,1003,15,1
12,1003,11,1
13,1003,16,3
14,1004,30,2
15,1004,13,1
16,1005,4,3
17,1005,16,3
18,1005,15,3
19,1005,16,1
20,1006,15,1
21,1006,15,3
22,1007,4,1
23,1007,13,3
24,1008,30,3
25,1008,11,2
26,1008,15,3
27,1009,19,1
28,1009,4,1
29,1009,4,3
30,1010,11,1
31,1010,11,2
32,1011,30,1
33,1011,11,1
34,1011,13,3
35,1011,11,1
36,1011,4,2
37,1012,11,3
38,1012,15,2
39,1012,16,1
40,1012,4,1
41,1012,30,1
42,1013,15,2
43,1013,16,1
44,1013,30,2
45,1013,15,3
46,1014,13,1
47,1014,30,1
48,1014,13,2
49,1014,13,1
50,1015,4,1
51,1015,15,3
52,1015,15,3
53,1015,30,1
54,1016,19,2
55,1016,30,1
56,1017,10,2
57,1017,13,3
58,1017,22,1
59,1018,26,2
60,1018,9,3
61,1019,16,1
62,1019,15,3
63,1020,30,2
64,1020,11,1
65,1020,13,1
66,1020,15,3
67,1021,11,3
68,1021,15,3
69,1021,13,3
70,1022,26,3
71,1022,13,1
72,1022,4,2
73,1023,16,2
74,1023,13,1
75,1023,30,2
76,1024,13,2
77,1025,13,1
78,1025,30,1
79,1025,10,1
80,1025,29,2
81,1026,4,2
82,1027,30,3
83,1027,4,3
84,1028,16,2
85,1029,4,3
86,1030,15,1
87,1030,14,3
88,1030,16,2
89,1030,15,1
90,1031,4,2
91,1031,15,1
92,1031,15,1
93,1032,30,1
94,1032,15,3
95,1032,13,3
96,1032,13,1
97,1032,5,1
98,1033,11,2
99,1033,16,2
100,1033,4,3
101,1033,30,3
102,1033,13,2
103,1034,30,3
104,1034,30,1
105,1035,4,3
106,1035,30,1
107,1035,30,2
108,1035,13,3
109,1036,15,2
110,1036,25,1
111,1036,16,2
112,1036,13,2
113,1037,15,2
114,1037,11,3
115,1037,30,2
116,1037,16,1
117,1037,5,3
118,1038,30,3
119,1038,16,3
120,1038,13,1
121,1039,13,1
122,1040,16,3
123,1040,15,1
124,1040,16,1
125,1040,13,3
126,1041,15,1
127,1041,15,2
128,1041,16,1
129,1041,11,3
130,1041,15,3
131,1042,30,1
132,1043,6,2
133,1043,15,3
134,1043,16,3
135,1043,16,1
136,1044,11,1
137,1044,13,1
138,1045,23,3
139,1045,4,1
140,1045,15,2
141,1045,19,2
142,1045,15,1
143,1046,30,1
144,1046,3,2
145,1047,4,1
146,1047,16,1
147,1047,15,3
148,1048,11,2
149,1048,25,1
150,1048,30,1
151,1048,13,1
152,1048,11,3
153,1049,1,3
154,1050,24,2
155,1050,30,1
156,1050,13,1
157,1050,16,1
158,1051,13,2
159,1051,3,3
160,1051,16,2
161,1051,30,2
162,1051,16,2
163,1052,30,2
164,1052,15,2
165,1052,4,1
166,1053,30,1
167,1053,11,2
168,1054,11,1
169,1054,11,1
170,1054,15,2
171,1054,23,3
172,1055,13,1
173,1056,13,2
174,1057,4,1
175,1057,11,2
176,1057,30,1
177,1057,15,1
178,1057,16,1
179,1058,11,3
180,1058,30,3
181,1059,15,1
182,1059,7,3
183,1059,16,2
184,1059,13,1
185,1059,30,3
186,1060,11,2
187,1060,4,1
188,1060,11,1
189,1060,30,1
190,1061,13,2
191,1061,4,1
192,1061,30,3
193,1062,15,1
194,1062,26,3
195,1063,15,2
196,1063,17,2
197,1063,4,2
198,1064,13,2
199,1064,13,3
200,1064,30,1
201,1064,4,1
202,1064,4,3
203,1065,13,3
204,1066,13,1
205,1066,30,3
206,1066,13,1
207,1066,11,3
208,1067,13,2
209,1067,4,1
210,1067,4,1
211,1067,11,2
212,1067,7,1
213,1068,13,2
214,1068,16,3
215,1068,25,1
216,1069,3,2
217,1069,30,3
218,1069,4,1
219,1069,24,2
220,1069,13,3
221,1070,13,3
222,1070,20,2
223,1070,30,1
224,1071,15,1
225,1071,16,3
226,1071,13,3
227,1071,30,3
228,1072,16,2
229,1072,15,1
230,1073,6,3
231,1073,3,3
232,1073,15,2
233,1074,4,3
234,1074,4,1
235,1074,16,2
236,1074,13,2
237,1075,12,3
238,1075,15,3
239,1075,15,1
240,1075,15,1
241,1076,4,1
242,1076,4,2
243,1076,16,1
244,1077,30,2
245,1077,11,3
246,1077,13,1
247,1078,4,1
248,1079,15,3
249,1079,30,2
250,1079,16,3
251,1079,11,1
252,1080,16,3
253,1080,11,1
254,1080,4,2
255,1081,16,2
256,1082,30,1
257,1082,11,2
258,1082,12,1
259,1082,4,2
260,1083,4,1
261,1083,15,1
262,1083,11,3
263,1084,19,1
264,1084,13,3
265,1084,30,2
266,1084,4,2
267,1085,13,1
268,1086,30,3
269,1086,30,1
270,1086,15,1
271,1086,6,1
272,1086,5,1
273,1087,15,1
274,1087,21,1
275,1087,9,2
276,1087,30,1
277,1088,11,2
278,1089,13,1
279,1089,30,3
280,1089,16,1
281,1090,30,1
282,1090,19,1
283,1091,29,2
284,1091,9,2
285,1091,30,2
286,1092,11,3
287,1093,11,2
288,1093,11,3
289,1093,15,2
290,1093,1,2
291,1093,10,2
292,1094,28,3
293,1094,13,1
294,1094,13,2
295,1095,11,3
296,1095,11,2
297,1095,15,2
298,1096,16,2
299,1097,15,3
300,1097,1,1
301,1097,15,1
302,1097,11,2
303,1097,4,2
304,1098,13,3
305,1098,11,3
306,1098,13,2
307,1098,11,1
308,1098,9,3
309,1099,11,1
310,1100,4,1
311,1100,15,2
312,1100,30,3
313,1100,13,3
314,1100,15,1
315,1101,13,3
316,1101,21,2
317,1101,11,2
318,1102,11,3
319,1102,30,3
320,1102,30,3
321,1102,27,2
322,1103,30,2
323,1103,11,2
324,1103,21,2
325,1103,9,3
326,1103,13,2
327,1104,15,1
328,1104,26,3
329,1105,15,3
330,1105,11,2
331,1105,11,2
332,1105,30,3
333,1106,15,3
334,1106,15,3
335,1107,13,3
336,1107,6,2
337,1107,16,2
338,1108,4,3
339,1108,21,1
340,1108,4,2
341,1108,13,2
342,1108,4,1
343,1109,30,3
344,1109,3,2
345,1109,17,1
346,1109,13,3
347,1110,13,1
348,1110,4,2
349,1110,29,2
350,1111,15,1
351,1111,30,1
352,1112,16,2
353,1112,15,3
354,1112,11,1
355,1113,30,2
356,1113,11,1
357,1114,15,1
358,1115,30,1
359,1115,30,1
360,1115,13,2
361,1116,30,2
362,1116,15,2
363,1117,30,3
364,1117,13,1
365,1117,13,2
366,1118,13,2
367,1118,4,1
368,1119,30,1
369,1119,15,1
370,1120,9,3
371,1120,30,1
372,1120,30,1
373,1120,16,2
374,1121,4,3
375,1121,15,3
376,1121,11,1
377,1121,4,3
378,1122,13,3
379,1122,16,1
380,1123,30,2
381,1124,12,3
382,1124,16,3
383,1124,4,2
384,1124,16,3
385,1124,16,3
386,1125,16,3
387,1125,15,2
388,1125,11,2
389,1125,16,1
390,1126,12,3
391,1127,16,1
392,1127,16,3
393,1127,11,2
394,1128,15,2
395,1128,6,1
396,1128,13,2
397,1128,23,2
398,1128,30,1
399,1129,15,1
400,1130,30,3
401,1131,11,2
402,1131,13,3
403,1131,5,2
404,1131,4,2
405,1132,4,2
406,1132,13,3
407,1132,30,3
408,1132,13,2
409,1133,15,1
410,1133,15,2
411,1133,15,2
412,1133,15,3
413,1133,30,1
414,1134,28,2
415,1134,3,2
416,1134,4,2
417,1134,4,3
418,1134,15,1
419,1135,30,1
420,1135,15,2
421,1135,11,3
422,1135,11,1
423,1136,15,3
424,1136,21,2
425,1136,18,1
426,1136,11,2
427,1136,16,1
428,1137,15,3
429,1137,30,3
430,1137,16,3
431,1137,11,3
432,1138,11,1
433,1138,16,1
434,1138,24,3
435,1139,30,1
436,1139,13,1
437,1139,15,3
438,1139,15,1
439,1140,13,2
440,1140,13,1
441,1140,1,3
442,1140,30,2
443,1140,16,3
444,1141,4,1
445,1141,30,3
446,1142,11,3
447,1142,25,1
448,1142,13,2
449,1143,5,2
450,1143,13,3
451,1143,15,2
452,1143,13,3
453,1144,30,2
454,1144,13,1
455,1145,15,2
456,1145,15,3
457,1146,13,3
458,1146,15,3
459,1146,13,1
460,1146,16,1
461,1147,4,1
462,1148,16,1
463,1148,4,3
464,1148,15,1
465,1149,24,3
466,1149,24,3
467,1149,4,3
468,1149,30,2
469,1149,13,3
470,1150,2,1
471,1150,4,2
472,1150,30,3
473,1151,30,3
474,1151,15,1
475,1151,4,3
476,1152,4,3
477,1153,11,3
478,1154,30,2
479,1154,11,1
480,1154,13,3
481,1155,30,3
482,1156,30,2
483,1156,15,3
484,1156,4,1
485,1157,30,2
486,1157,4,1
487,1157,4,2
488,1157,15,3
489,1157,30,3
490,1158,11,1
491,1159,8,1
492,1159,4,1
493,1159,30,2
494,1159,30,2
495,1159,30,2
496,1160,30,2
497,1161,16,3
498,1161,30,1
499,1161,15,3
500,1161,16,3
501,1161,29,3
502,1162,13,3
503,1162,16,3
504,1162,16,1
505,1162,4,1
506,1163,30,2
507,1163,11,2
508,1163,16,3
509,1163,16,3
510,1163,15,3
511,1164,16,3
512,1165,15,3
513,1166,13,2
514,1167,1,2
515,1167,4,3
516,1167,15,3
517,1167,30,2
518,1168,1,3
519,1168,5,1
520,1168,30,2
521,1169,16,1
522,1169,13,2
523,1169,13,3
524,1169,4,3
525,1169,7,1
526,1170,30,1
527,1170,30,3
528,1171,16,3
529,1171,16,3
530,1171,13,2
531,1171,30,1
532,1172,13,2
533,1172,4,3
534,1172,30,3
535,1173,4,2
536,1173,4,1
537,1173,30,2
538,1173,5,3
539,1173,13,2
540,1174,4,3
541,1174,30,1
542,1174,28,1
543,1174,7,2
544,1175,13,3
545,1176,19,2
546,1177,16,2
547,1177,13,2
548,1177,16,2
549,1177,15,3
550,1177,5,2
551,1178,11,3
552,1178,4,3
553,1178,15,1
554,1178,4,3
555,1178,13,3
556,1179,2,1
557,1179,4,2
558,1179,16,1
559,1179,15,2
560,1180,29,1
561,1180,30,1
562,1180,30,2
563,1180,9,3
564,1181,11,2
565,1181,30,1
566,1181,11,1
567,1181,11,2
568,1181,11,3
569,1182,16,1
570,1183,30,1
571,1183,16,3
572,1184,11,2
573,1185,11,1
574,1186,13,1
575,1186,16,3
576,1186,30,1
577,1186,5,1
578,1186,13,3
579,1187,30,1
580,1187,24,3
581,1187,3,1
582,1187,13,2
583,1188,11,1
584,1188,15,1
585,1189,4,3
586,1189,13,3
587,1189,4,2
588,1189,16,3
589,1189,17,3
590,1190,20,1
591,1190,13,3
592,1190,15,3
593,1190,16,3
594,1191,18,1
595,1191,25,3
596,1192,11,1
597,1192,11,2
598,1192,11,3
599,1192,30,3
600,1193,16,2
601,1193,13,1
602,1193,13,2
603,1193,16,3
604,1193,30,1
605,1194,30,3
606,1194,14,2
607,1194,11,3
608,1194,13,2
609,1194,30,3
610,1195,11,3
611,1195,11,3
612,1195,13,3
613,1195,15,3
614,1196,22,1
615,1196,11,3
616,1197,30,2
617,1197,20,3
618,1198,13,1
619,1199,16,3
620,1200,4,2
621,1200,16,2
622,1200,13,3
623,1200,4,3
624,1201,27,1
625,1202,4,3
626,1202,17,2
627,1202,15,3
628,1202,4,1
629,1203,30,1
630,1204,25,2
631,1205,11,1
632,1205,15,1
633,1205,18,2
634,1206,12,2
635,1206,9,1
636,1206,4,2
637,1206,4,2
638,1206,30,3
639,1207,16,3
640,1207,29,3
641,1207,19,2
642,1208,19,2
643,1208,15,2
644,1208,13,1
645,1208,4,2
646,1209,4,2
647,1209,11,3
648,1210,4,2
649,1211,15,2
650,1212,4,2
651,1213,30,1
652,1213,22,1
653,1213,4,3
654,1214,7,1
655,1214,4,3
656,1215,16,1
657,1215,30,3
658,1215,13,1
659,1216,4,3
660,1216,16,1
661,1216,30,3
662,1216,4,3
663,1217,15,2
664,1217,2,3
665,1218,15,1
666,1218,16,3
667,1218,15,1
668,1219,16,2
669,1219,4,3
670,1220,11,3
671,1220,4,2
672,1220,15,2
673,1221,9,2
674,1221,16,3
675,1221,15,3
676,1222,18,2
677,1222,7,1
678,1222,24,1
679,1223,6,2
680,1223,13,3
681,1223,15,2
682,1223,30,3
683,1224,15,1
684,1225,16,3
685,1225,15,2
686,1226,30,2
687,1226,11,2
688,1226,20,1
689,1227,30,1
690,1227,10,2
691,1227,30,3
692,1227,16,3
693,1227,30,1
694,1228,13,2
695,1228,30,1
696,1229,4,2
697,1230,30,2
698,1230,11,2
699,1230,30,2
700,1231,13,1
701,1231,30,3
702,1231,16,1
703,1231,16,2
704,1232,15,3
705,1232,16,2
706,1232,16,2
707,1232,4,2
708,1232,16,3
709,1233,30,2
710,1233,15,3
711,1234,16,3
712,1234,30,2
713,1234,30,3
714,1235,30,2
715,1235,16,3
716,1235,16,2
717,1235,4,2
718,1236,15,1
719,1237,30,3
720,1237,25,2
721,1237,15,2
722,1238,16,2
723,1238,13,2
724,1238,16,3
725,1238,15,1
726,1238,11,1
727,1239,13,3
728,1239,4,3
729,1239,4,1
730,1239,6,1
731,1239,30,3
732,1240,30,1
733,1240,16,3
734,1240,13,2
735,1240,15,3
736,1241,16,2
737,1242,4,2
738,1242,15,3
739,1243,13,1
740,1244,11,3
741,1245,13,2
742,1245,27,1
743,1245,15,1
744,1245,13,1
745,1246,15,1
746,1247,4,2
747,1247,4,2
748,1247,15,3
749,1247,17,1
750,1247,30,1
751,1248,28,3
752,1248,16,3
753,1248,16,2
754,1249,15,1
755,1249,19,3
756,1249,30,2
757,1249,4,2
758,1249,30,3
759,1250,30,3
760,1251,16,1
761,1251,30,3
762,1251,15,2
763,1251,16,2
764,1251,16,1
765,1252,30,3
766,1252,4,1
767,1252,4,2
768,1252,15,3
769,1253,16,2
770,1253,18,2
771,1254,30,2
772,1254,13,3
773,1254,25,3
774,1254,15,3
775,1255,7,3
776,1255,15,1
777,1255,4,3
778,1255,16,3
779,1255,13,1
780,1256,7,1
781,1256,16,3
782,1257,30,3
783,1257,16,1
784,1257,16,1
785,1257,13,1
786,1258,2,2
787,1258,13,2
788,1258,26,3
789,1258,30,3
790,1259,13,1
791,1260,4,1
792,1260,30,1
793,1261,4,3
794,1261,18,3
795,1262,16,3
796,1262,15,3
797,1262,13,1
798,1262,30,3
799,1262,16,3
800,1263,29,2
801,1263,13,2
802,1263,30,3
803,1263,4,3
804,1264,30,3
805,1264,13,2
806,1265,16,2
807,1265,30,2
808,1265,13,1
809,1265,1,3
810,1266,17,3
811,1266,30,1
812,1266,11,1
813,1267,30,1
814,1267,4,3
815,1267,13,3
816,1268,15,1
817,1269,23,3
818,1269,13,3
819,1269,16,3
820,1269,15,2
821,1270,14,2
822,1270,4,1
823,1270,13,1
824,1271,30,2
825,1271,16,3
826,1271,16,3
827,1271,11,2
828,1272,16,2
829,1272,11,1
830,1272,11,3
831,1272,11,1
832,1272,11,3
833,1273,11,1
834,1273,30,1
835,1274,15,1
836,1274,4,2
837,1274,13,1
838,1274,11,2
839,1274,4,3
840,1275,4,2
841,1276,26,2
842,1276,11,1
843,1276,11,3
844,1276,4,3
845,1276,13,1
846,1277,15,1
847,1277,11,2
848,1277,30,1
849,1278,4,2
850,1278,13,3
851,1278,16,3
852,1278,17,1
853,1278,16,1
854,1279,11,1
855,1279,30,3
856,1279,22,2
857,1279,1,2
858,1279,21,2
859,1280,17,3
860,1280,4,3
861,1281,4,2
862,1281,15,1
863,1281,30,2
864,1281,15,1
865,1281,11,3
866,1282,13,3
867,1282,16,2
868,1282,29,1
869,1283,8,1
870,1283,11,1
871,1283,11,3
872,1283,30,1
873,1283,30,2
874,1284,11,2
875,1284,4,1
876,1284,15,1
877,1285,15,3
878,1285,14,1
879,1286,11,1
880,1286,13,1
881,1286,13,1
882,1286,15,2
883,1286,10,2
884,1287,4,1
885,1287,15,3
886,1287,30,3
887,1288,4,1
888,1288,15,2
889,1289,30,3
890,1289,4,2
891,1290,16,1
892,1290,15,1
893,1290,14,1
894,1290,13,1
895,1291,13,2
896,1292,4,2
897,1292,14,2
898,1292,30,2
899,1292,11,3
900,1292,30,3
901,1293,11,1
902,1294,11,3
903,1294,11,3
904,1295,11,2
905,1296,11,3
906,1296,23,3
907,1296,15,3
908,1297,30,1
909,1297,13,3
910,1297,11,2
911,1297,4,3
912,1298,3,2
913,1298,30,3
914,1299,16,1
915,1299,30,1
916,1300,15,3
917,1300,16,3
918,1300,15,2
919,1300,30,1
920,1300,16,3
921,1301,4,2
922,1302,16,1
923,1302,1,3
924,1302,16,2
925,1303,16,2
926,1303,30,2
927,1303,11,3
928,1303,4,3
929,1304,30,1
930,1304,16,3
931,1304,16,1
932,1305,10,2
933,1305,2,1
934,1305,4,3
935,1305,30,3
936,1305,15,1
937,1306,11,1
938,1306,4,2
939,1306,27,1
940,1306,13,1
941,1307,16,2
942,1307,11,1
943,1307,30,1
944,1308,30,1
945,1308,15,3
946,1308,30,2
947,1308,30,3
948,1308,16,3
949,1309,30,2
950,1309,29,3
951,1309,4,1
952,1309,16,3
953,1310,4,3
954,1311,11,3
955,1311,7,1
956,1311,15,2
957,1311,4,3
958,1312,16,3
959,1312,11,3
960,1312,16,1
961,1312,13,3
962,1312,11,1
963,1313,30,3
964,1313,15,2
965,1314,10,3
966,1315,16,3
967,1315,15,2
968,1315,16,1
969,1316,21,3
970,1316,19,3
971,1316,30,2
972,1317,4,1
973,1317,4,2
974,1317,10,1
975,1318,16,1
976,1318,13,2
977,1318,15,3
978,1318,11,2
979,1318,30,2
980,1319,16,3
981,1319,16,3
982,1320,15,3
983,1321,13,3
984,1322,11,2
985,1322,4,3
986,1322,15,1
987,1322,4,1
988,1322,4,2
989,1323,11,1
990,1323,16,1
991,1323,30,3
992,1323,30,3
993,1323,16,3
994,1324,4,2
995,1324,11,2
996,1324,16,3
997,1325,16,2
998,1326,30,3
999,1326,15,2
1000,1326,4,1
1001,1326,15,3
1002,1327,25,2
1003,1328,15,3
1004,1328,11,3
1005,1328,15,2
1006,1328,4,3
1007,1328,11,1
1008,1329,13,2
1009,1329,16,1
1010,1329,11,1
1011,1330,30,1
1012,1330,11,3
1013,1330,4,3
1014,1331,30,2
1015,1332,30,3
1016,1332,11,1
1017,1332,15,3
1018,1332,13,3
1019,1332,30,1
1020,1333,16,3
1021,1333,11,3
1022,1334,30,2
1023,1334,13,1
1024,1334,15,3
1025,1334,11,2
1026,1334,16,1
1027,1335,29,3
1028,1335,25,1
1029,1336,4,3
1030,1336,4,3
1031,1337,15,3
1032,1337,13,2
1033,1337,13,1
1034,1338,13,2
1035,1338,28,2
1036,1338,13,1
1037,1338,30,2
1038,1338,4,1
1039,1339,30,3
1040,1339,11,2
1041,1340,30,2
1042,1340,30,2
1043,1340,5,2
1044,1340,22,1
1045,1341,30,1
1046,1341,11,2
1047,1342,30,2
1048,1342,29,3
1049,1343,20,1
1050,1343,11,2
1051,1343,4,2
1052,1343,30,3
1053,1343,30,2
1054,1344,16,1
1055,1344,15,1
1056,1344,13,1
1057,1344,15,2
1058,1344,16,3
1059,1345,30,3
1060,1346,30,3
1061,1347,13,3
1062,1347,11,3
1063,1347,19,3
1064,1348,13,2
1065,1348,16,3
1066,1348,15,3
1067,1349,11,1
1068,1349,30,2
1069,1349,20,1
1070,1350,16,1
1071,1350,9,2
1072,1350,4,2
1073,1351,30,3
1074,1352,11,1
1075,1352,15,2
1076,1353,13,2
1077,1353,5,3
1078,1354,25,2
1079,1354,4,2
1080,1355,15,2
1081,1355,4,1
1082,1356,11,2
1083,1357,15,3
1084,1357,15,2
1085,1357,16,2
1086,1357,13,2
1087,1358,13,3
1088,1358,4,3
1089,1358,13,2
1090,1358,30,2
1091,1359,15,2
1092,1359,11,3
1093,1359,15,3
1094,1360,15,1
1095,1360,16,1
1096,1361,16,1
1097,1362,15,2
1098,1362,16,1
1099,1362,30,1
1100,1362,21,1
1101,1363,30,2
1102,1364,6,1
1103,1364,4,2
1104,1364,16,2
1105,1364,9,2
1106,1364,15,2
1107,1365,16,1
1108,1365,4,1
1109,1365,15,1
1110,1366,13,1
1111,1366,4,2
1112,1366,30,2
1113,1366,30,2
1114,1367,16,3
1115,1367,15,1
1116,1367,5,3
1117,1368,22,2
1118,1369,4,2
1119,1369,30,2
1120,1369,11,3
1121,1370,16,3
1122,1371,30,2
1123,1371,4,1
1124,1371,13,1
1125,1371,13,2
1126,1372,25,2
1127,1373,16,2
1128,1373,4,2
1129,1374,11,1
1130,1375,16,1
1131,1375,13,1
1132,1375,16,3
1133,1375,11,2
1134,1376,16,3
1135,1377,4,3
1136,1378,15,3
1137,1378,30,1
1138,1378,16,3
1139,1378,13,3
1140,1378,15,1
1141,1379,16,2
1142,1380,4,3
1143,1381,4,1
1144,1382,30,1
1145,1382,14,2
1146,1382,24,3
1147,1382,16,3
1148,1383,4,1
1149,1383,30,2
1150,1383,4,2
1151,1383,11,1
1152,1383,13,1
1153,1384,13,3
1154,1384,16,2
1155,1385,4,1
1156,1386,14,3
1157,1386,25,2
1158,1386,4,3
1159,1386,11,1
1160,1386,20,3
1161,1387,15,3
1162,1388,15,2
1163,1389,4,1
1164,1389,4,3
1165,1389,15,3
1166,1389,11,3
1167,1390,4,1
1168,1390,13,2
1169,1391,15,1
1170,1391,11,1
1171,1391,11,2
1172,1391,15,3
1173,1392,16,3
1174,1392,13,3
1175,1393,4,1
1176,1393,13,1
1177,1393,4,1
1178,1393,11,1
1179,1394,3,2
1180,1394,16,2
1181,1394,13,2
1182,1394,11,2
1183,1395,13,1
1184,1395,16,3
1185,1396,16,2
1186,1397,15,1
1187,1397,20,1
1188,1397,30,3
1189,1397,19,3
1190,1398,13,2
1191,1398,7,3
1192,1399,9,1
1193,1399,15,1
1194,1399,11,1
1195,1399,19,1
1196,1400,14,1
1197,1400,11,3
1198,1400,30,2
1199,1400,23,1
1200,1400,4,3
1201,1401,11,1
1202,1402,4,1
1203,1402,15,1
1204,1403,24,3
1205,1403,11,1
1206,1403,13,1
1207,1403,11,2
1208,1404,3,2
1209,1405,4,2
1210,1405,30,3
1211,1405,15,1
1212,1406,24,1
1213,1406,13,2
1214,1406,4,2
1215,1406,30,2
1216,1406,30,3
1217,1407,15,1
1218,1408,16,2
1219,1408,15,3
1220,1408,15,1
1221,1409,4,3
1222,1409,16,2
1223,1409,11,3
1224,1410,30,3
1225,1411,11,3
1226,1411,26,1
1227,1411,13,1
1228,1412,4,1
1229,1413,16,1
1230,1414,4,3
1231,1414,11,3
1232,1414,16,2
1233,1414,15,1
1234,1415,16,1
1235,1415,17,3
1236,1415,30,3
1237,1416,30,3
1238,1416,15,2
1239,1416,16,2
1240,1417,4,2
1241,1417,25,1
1242,1418,11,1
1243,1418,16,3
1244,1419,4,3
1245,1419,30,1
1246,1419,16,2
1247,1420,4,1
1248,1420,15,3
1249,1420,11,2
1250,1420,13,3
1251,1420,13,2
1252,1421,13,2
1253,1421,13,3
1254,1421,11,3
1255,1421,11,2
1256,1422,15,3
1257,1422,15,2
1258,1422,15,1
1259,1422,30,2
1260,1422,30,1
1261,1423,4,3
1262,1423,30,1
1263,1423,15,1
1264,1423,30,2
1265,1424,13,1
1266,1425,30,1
1267,1425,12,2
1268,1425,13,2
1269,1425,16,2
1270,1426,11,3
1271,1426,15,2
1272,1426,11,2
1273,1427,15,2
1274,1427,11,3
1275,1427,16,2
1276,1428,17,2
1277,1428,13,2
1278,1428,11,2
1279,1428,30,3
1280,1429,16,1
1281,1429,10,3
1282,1429,15,2
1283,1429,10,2
1284,1429,11,1
1285,1430,4,3
1286,1431,30,2
1287,1431,11,3
1288,1431,16,2
1289,1431,13,3
1290,1432,30,2
1291,1432,11,3
1292,1432,12,3
1293,1433,4,3
1294,1433,4,3
1295,1433,16,2
1296,1433,30,2
1297,1433,4,3
1298,1434,15,1
1299,1435,4,2
1300,1436,22,2
1301,1436,15,2
1302,1436,30,1
1303,1437,4,2
1304,1438,13,1
1305,1438,30,1
1306,1438,30,3
1307,1438,17,3
1308,1439,15,2
1309,1439,16,1
1310,1439,16,2
1311,1439,11,2
1312,1439,20,3
1313,1440,4,3
1314,1440,8,1
1315,1440,5,3
1316,1441,4,1
1317,1441,15,1
1318,1442,11,2
1319,1443,16,3
1320,1444,11,2
1321,1444,4,1
1322,1444,15,3
1323,1444,13,1
1324,1444,16,1
1325,1445,12,2
1326,1445,30,3
1327,1445,30,1
1328,1446,25,1
1329,1447,4,2
1330,1447,15,1
1331,1447,4,1
1332,1447,28,3
1333,1447,15,1
1334,1448,16,2
1335,1448,14,1
1336,1448,11,2
1337,1448,16,1
1338,1449,15,3
1339,1449,16,2
1340,1449,4,3
1341,1449,15,2
1342,1450,4,2
1343,1450,16,2
1344,1451,13,2
1345,1451,11,3
1346,1451,16,1
1347,1452,30,1
1348,1452,13,1
1349,1452,13,2
1350,1452,13,2
1351,1453,11,2
1352,1454,15,3
1353,1454,15,3
1354,1454,12,2
1355,1455,16,3
1356,1455,15,1
1357,1455,11,1
1358,1455,16,1
1359,1455,15,2
1360,1456,13,3
1361,1457,30,1
1362,1457,30,3
1363,1457,15,1
1364,1458,11,2
1365,1458,15,3
1366,1458,13,1
1367,1459,4,2
1368,1459,13,2
1369,1459,16,3
1370,1459,15,3
1371,1460,16,3
1372,1460,15,3
1373,1461,15,3
1374,1461,30,1
1375,1461,11,2
1376,1461,11,3
1377,1462,4,1
1378,1462,16,2
1379,1462,15,1
1380,1463,11,2
1381,1463,16,1
1382,1463,30,3
1383,1464,3,2
1384,1465,16,2
1385,1466,13,3
1386,1467,9,1
1387,1467,30,2
1388,1467,11,3
1389,1467,11,3
1390,1467,11,3
1391,1468,4,2
1392,1468,30,1
1393,1468,18,1
1394,1469,4,3
1395,1469,4,3
1396,1469,23,3
1397,1470,4,3
1398,1471,4,1
1399,1471,4,2
1400,1471,30,1
1401,1471,4,3
1402,1471,15,1
1403,1472,30,1
1404,1473,30,3
1405,1473,9,3
1406,1473,30,2
1407,1473,24,3
1408,1473,4,2
1409,1474,15,2
1410,1474,14,2
1411,1475,13,2
1412,1476,4,3
1413,1476,4,1
1414,1476,4,2
1415,1477,13,2
1416,1477,16,1
1417,1477,16,2
1418,1477,4,1
1419,1478,16,1
1420,1478,4,1
1421,1478,14,2
1422,1478,13,2
1423,1479,30,3
1424,1479,17,3
1425,1480,30,3
1426,1480,13,1
1427,1480,15,2
1428,1480,30,2
1429,1480,24,1
1430,1481,16,1
1431,1481,15,2
1432,1481,30,2
1433,1481,15,1
1434,1482,11,1
1435,1482,29,1
1436,1482,15,2
1437,1483,13,1
1438,1484,15,1
1439,1485,4,3
1440,1485,15,1
1441,1485,4,2
1442,1486,13,2
1443,1486,13,1
1444,1486,13,1
1445,1486,21,2
1446,1487,4,1
1447,1487,16,2
1448,1487,13,2
1449,1487,13,1
1450,1488,30,2
1451,1488,15,3
1452,1489,16,1
1453,1489,4,2
1454,1489,16,2
1455,1490,4,1
1456,1490,4,3
1457,1491,22,2
1458,1491,4,2
1459,1492,15,2
1460,1492,4,2
1461,1493,13,3
1462,1493,13,3
1463,1493,30,1
1464,1494,15,1
1465,1494,30,3
1466,1494,16,2
1467,1494,30,1
1468,1495,13,2
1469,1495,16,1
1470,1495,4,2
1471,1495,11,1
1472,1495,4,1
1473,1496,4,1
1474,1496,16,2
1475,1496,8,3
1476,1497,12,3
1477,1497,11,1
1478,1497,13,3
1479,1497,4,2
1480,1498,4,1
1481,1498,16,1
1482,1498,11,3
1483,1498,26,3
1484,1499,30,2
1485,1500,22,2
1486,1500,13,1
1487,1500,4,3
1488,1501,29,2
1489,1501,4,3
1490,1501,4,2
1491,1501,16,2
1492,1502,10,2
1493,1502,15,2
1494,1502,11,1
1495,1503,11,1
1496,1503,13,3
1497,1503,16,1
1498,1504,16,2
1499,1505,11,2
1500,1505,11,3
1501,1506,11,3
1502,1506,4,2
1503,1506,13,1
1504,1506,24,3
1505,1506,19,3
1506,1507,13,1
1507,1507,30,2
1508,1507,8,2
1509,1507,13,1
1510,1507,13,1
1511,1508,13,1
1512,1508,5,1
1513,1508,15,3
1514,1508,30,2
1515,1509,4,1
1516,1509,13,2
1517,1509,24,3
1518,1509,13,3
1519,1509,15,3
1520,1510,30,1
1521,1511,4,2
1522,1511,13,1
1523,1511,11,3
1524,1511,30,1
1525,1512,11,2
1526,1512,20,1
1527,1512,16,2
1528,1513,11,2
1529,1513,30,2
1530,1513,11,2
1531,1513,11,2
1532,1513,30,2
1533,1514,15,2
1534,1514,30,1
1535,1515,16,2
1536,1515,13,3
1537,1515,27,1
1538,1516,30,3
1539,1516,16,1
1540,1516,11,2
1541,1516,30,2
1542,1516,30,3
1543,1517,30,1
1544,1518,2,1
1545,1518,15,2
1546,1519,15,2
1547,1519,4,1
1548,1519,16,3
1549,1519,15,2
1550,1519,16,1
1551,1520,11,3
1552,1521,24,3
1553,1521,4,3
1554,1521,15,3
1555,1521,15,1
1556,1522,4,1
1557,1522,4,1
1558,1523,16,1
1559,1523,30,3
1560,1524,15,1
1561,1524,16,1
1562,1525,11,2
1563,1525,13,3
1564,1526,30,2
1565,1526,16,3
1566,1527,28,2
1567,1527,30,3
1568,1527,2,2
1569,1527,30,3
1570,1528,29,2
1571,1528,16,1
1572,1528,4,1
1573,1528,30,2
1574,1528,30,3
1575,1529,11,1
1576,1529,4,2
1577,1529,30,3
1578,1530,28,3
1579,1530,16,2
1580,1530,11,2
1581,1531,15,1
1582,1531,4,3
1583,1531,11,1
1584,1532,11,2
1585,1532,16,2
1586,1533,16,1
1587,1533,4,3
1588,1534,13,3
1589,1534,16,2
1590,1535,16,1
1591,1536,11,2
1592,1536,15,3
1593,1536,16,3
1594,1536,20,3
1595,1537,13,2
1596,1538,25,1
1597,1538,26,3
1598,1538,13,1
1599,1538,2,3
1600,1539,16,1
1601,1540,4,2
1602,1540,11,1
1603,1540,11,1
1604,1541,15,2
1605,1542,15,2
1606,1543,16,2
1607,1543,11,3
1608,1543,16,3
1609,1544,16,2
1610,1544,11,2
1611,1544,17,3
1612,1544,16,1
1613,1545,30,1
1614,1546,11,1
1615,1547,15,3
1616,1547,5,3
1617,1547,30,3
1618,1547,13,2
1619,1548,15,3
1620,1548,24,3
1621,1548,11,2
1622,1548,20,1
1623,1549,4,3
1624,1549,30,2
1625,1549,13,3
1626,1549,4,2
1627,1550,11,3
1628,1551,30,1
1629,1551,30,3
1630,1552,16,1
1631,1552,18,3
1632,1552,15,2
1633,1553,4,3
1634,1553,11,3
1635,1553,16,3
1636,1553,15,2
1637,1554,11,1
1638,1554,19,3
1639,1554,13,3
1640,1554,30,2
1641,1554,15,3
1642,1555,15,3
1643,1555,16,3
1644,1555,15,2
1645,1555,16,2
1646,1555,3,1
1647,1556,16,1
1648,1557,15,2
1649,1557,30,2
1650,1557,19,2
1651,1557,13,3
1652,1558,11,1
1653,1558,16,3
1654,1558,13,3
1655,1558,4,3
1656,1559,16,1
1657,1559,12,1
1658,1560,4,1
1659,1560,4,3
1660,1560,11,2
1661,1560,11,1
1662,1560,30,1
1663,1561,7,1
1664,1561,16,1
1665,1561,11,1
1666,1562,4,2
1667,1562,26,2
1668,1562,15,3
1669,1562,16,3
1670,1563,15,1
1671,1563,11,1
1672,1563,30,2
1673,1563,13,2
1674,1564,15,2
1675,1564,30,1
1676,1564,30,3
1677,1564,30,3
1678,1564,4,3
1679,1565,16,3
1680,1565,15,3
1681,1565,4,3
1682,1565,6,1
1683,1565,4,3
1684,1566,15,3
1685,1566,30,2
1686,1566,1,2
1687,1566,11,3
1688,1566,4,1
1689,1567,4,1
1690,1568,16,2
1691,1568,16,2
1692,1568,15,2
1693,1569,16,2
1694,1569,13,1
1695,1569,4,3
1696,1569,11,3
1697,1570,9,1
1698,1570,30,1
1699,1570,11,1
1700,1570,1,2
1701,1571,22,1
1702,1571,30,1
1703,1571,11,1
1704,1571,17,1
1705,1571,16,3
1706,1572,30,2
1707,1572,18,2
1708,1573,11,3
1709,1574,4,1
1710,1574,16,2
1711,1574,13,2
1712,1575,7,3
1713,1575,10,1
1714,1575,30,1
1715,1576,15,1
1716,1576,13,2
1717,1576,30,2
1718,1577,13,3
1719,1577,4,2
1720,1577,11,3
1721,1578,15,3
1722,1578,20,2
1723,1578,16,1
1724,1579,15,2
1725,1579,30,3
1726,1579,30,3
1727,1579,16,2
1728,1580,4,3
1729,1580,4,2
1730,1580,4,1
1731,1580,16,2
1732,1580,15,1
1733,1581,21,2
1734,1582,11,2
1735,1582,11,3
1736,1583,4,3
1737,1583,13,3
1738,1583,4,1
1739,1583,30,3
1740,1583,4,3
1741,1584,16,3
1742,1584,29,3
1743,1585,15,3
1744,1585,30,3
1745,1585,11,2
1746,1586,11,2
1747,1587,15,2
1748,1587,30,1
1749,1587,8,1
1750,1587,11,2
1751,1588,4,1
1752,1588,26,1
1753,1588,8,3
1754,1589,30,1
1755,1589,4,1
1756,1589,16,2
1757,1589,16,3
1758,1590,8,1
1759,1590,13,1
1760,1590,17,1
1761,1591,30,1
1762,1592,16,1
1763,1592,13,2
1764,1592,23,1
1765,1592,16,2
1766,1593,30,1
1767,1594,30,2
1768,1595,30,2
1769,1595,30,3
1770,1595,11,2
1771,1595,13,3
1772,1596,13,1
1773,1597,30,1
1774,1597,30,1
1775,1597,13,3
1776,1597,30,2
1777,1598,30,1
1778,1598,15,1
1779,1598,30,3
1780,1598,25,2
1781,1599,30,1
1782,1599,4,2
1783,1599,13,3
1784,1600,16,1
1785,1600,13,1
1786,1600,4,1
1787,1600,4,1
1788,1600,15,3
1789,1601,4,3
1790,1601,11,2
1791,1601,16,2
1792,1601,30,1
1793,1602,16,1
1794,1602,11,1
1795,1602,15,2
1796,1602,13,1
1797,1603,13,2
1798,1603,11,3
1799,1603,4,1
1800,1603,13,2
1801,1604,7,1
1802,1605,13,3
1803,1605,13,1
1804,1605,16,2
1805,1606,15,2
1806,1607,4,2
1807,1608,11,1
1808,1608,26,3
1809,1609,3,1
1810,1609,13,1
1811,1609,11,2
1812,1609,11,3
1813,1610,25,3
1814,1610,13,2
1815,1611,16,2
1816,1611,28,3
1817,1612,7,3
1818,1612,11,3
1819,1612,4,2
1820,1612,30,3
1821,1612,30,1
1822,1613,30,2
1823,1613,11,2
1824,1613,30,3
1825,1614,13,2
1826,1615,4,2
1827,1615,13,2
1828,1616,16,1
1829,1616,30,1
1830,1616,11,3
1831,1617,11,2
1832,1617,11,2
1833,1617,4,1
1834,1618,11,1
1835,1618,30,3
1836,1618,15,1
1837,1619,11,3
1838,1620,15,2
1839,1620,15,3
1840,1621,30,1
1841,1621,25,3
1842,1621,13,1
1843,1622,11,2
1844,1622,27,3
1845,1622,16,3
1846,1623,5,2
1847,1623,15,1
1848,1623,30,3
1849,1623,15,2
1850,1623,16,1
1851,1624,15,1
1852,1624,13,1
1853,1624,30,1
1854,1624,15,2
1855,1625,11,3
1856,1625,15,3
1857,1625,4,1
1858,1626,13,1
1859,1626,11,3
1860,1626,30,3
1861,1626,11,2
1862,1626,11,3
1863,1627,16,3
1864,1627,21,2
1865,1627,16,3
1866,1627,15,3
1867,1628,4,2
1868,1628,4,3
1869,1628,11,2
1870,1628,4,2
1871,1629,16,3
1872,1629,15,2
1873,1629,28,1
1874,1629,4,2
1875,1630,30,2
1876,1630,30,3
1877,1630,4,1
1878,1630,15,3
1879,1631,13,2
1880,1631,30,3
1881,1632,13,2
1882,1633,15,2
1883,1633,15,1
1884,1633,4,3
1885,1634,13,1
1886,1634,16,3
1887,1634,8,1
1888,1634,30,2
1889,1635,15,1
1890,1636,15,1
1891,1636,3,1
1892,1636,15,2
1893,1636,4,3
1894,1637,16,3
1895,1638,15,1
1896,1638,16,1
1897,1638,16,3
1898,1638,11,1
1899,1639,4,2
1900,1640,4,1
1901,1640,16,1
1902,1641,30,2
1903,1641,15,1
1904,1642,11,1
1905,1642,13,3
1906,1642,15,3
1907,1643,15,1
1908,1643,4,1
1909,1643,16,2
1910,1643,13,2
1911,1643,7,1
1912,1644,13,2
1913,1645,16,1
1914,1645,15,1
1915,1646,30,2
1916,1646,30,3
1917,1647,13,2
1918,1647,4,2
1919,1648,11,2
1920,1648,4,1
1921,1648,15,3
1922,1649,16,1
1923,1649,15,2
1924,1649,4,3
1925,1649,13,3
1926,1649,13,3
1927,1650,23,2
1928,1650,13,3
1929,1650,4,3
1930,1651,22,2
1931,1651,16,3
1932,1651,30,3
1933,1652,15,1
1934,1652,30,1
1935,1653,11,1
1936,1653,16,2
1937,1653,4,2
1938,1654,4,3
1939,1654,13,3
1940,1655,4,1
1941,1655,13,3
1942,1655,25,1
1943,1656,11,2
1944,1656,30,3
1945,1657,23,3
1946,1657,13,3
1947,1658,30,1
1948,1658,3,1
1949,1658,13,1
1950,1659,30,1
1951,1659,16,3
1952,1660,15,1
1953,1660,30,2
1954,1660,11,3
1955,1660,13,2
1956,1661,12,2
1957,1662,11,3
1958,1662,11,1
1959,1662,26,2
1960,1662,11,1
1961,1663,16,3
1962,1663,11,2
1963,1663,11,3
1964,1664,16,2
1965,1664,13,1
1966,1664,30,3
1967,1664,11,2
1968,1665,12,2
1969,1665,30,3
1970,1665,13,1
1971,1665,30,1
1972,1666,25,3
1973,1666,15,3
1974,1666,15,3
1975,1666,11,1
1976,1667,13,2
1977,1667,15,3
1978,1668,11,3
1979,1668,4,3
1980,1669,15,3
1981,1669,11,3
1982,1670,3,3
1983,1670,29,2
1984,1670,11,3
1985,1670,13,3
1986,1670,19,2
1987,1671,13,1
1988,1671,30,2
1989,1671,9,3
1990,1671,15,3
1991,1672,4,2
1992,1672,16,3
1993,1672,11,2
1994,1673,11,3
1995,1673,11,3
1996,1673,15,3
1997,1673,6,1
1998,1674,15,1
1999,1675,28,2
2000,1675,13,1
2001,1675,6,1
2002,1676,16,1
2003,1676,30,2
2004,1676,15,1
2005,1677,13,3
2006,1678,16,1
2007,1678,16,3
2008,1678,13,2
2009,1678,16,2
2010,1678,11,3
2011,1679,27,1
2012,1679,22,2
2013,1679,16,2
2014,1680,1,2
2015,1680,13,3
2016,1680,30,1
2017,1681,13,2
2018,1682,30,3
2019,1682,17,2
2020,1683,30,2
2021,1683,11,1
2022,1684,4,2
2023,1684,30,1
2024,1684,13,2
2025,1685,4,1
2026,1686,29,3
2027,1686,15,1
2028,1687,16,3
2029,1687,28,2
2030,1688,4,2
2031,1688,4,1
2032,1689,30,1
2033,1689,13,1
2034,1690,11,2
2035,1690,4,2
2036,1691,22,1
2037,1691,13,3
2038,1691,16,3
2039,1691,4,3
2040,1692,11,3
2041,1692,15,3
2042,1692,30,2
2043,1692,8,2
2044,1692,16,1
2045,1693,13,3
2046,1693,19,2
2047,1693,4,2
2048,1694,4,3
2049,1694,13,2
2050,1694,11,3
2051,1694,5,3
2052,1694,30,1
2053,1695,13,2
2054,1695,13,1
2055,1695,11,3
2056,1695,15,3
2057,1696,4,3
2058,1697,13,3
2059,1698,4,2
2060,1698,11,2
2061,1698,15,3
2062,1698,8,3
2063,1699,25,1
2064,1700,4,3
2065,1700,6,1
2066,1700,11,3
2067,1700,11,2
2068,1701,15,2
2069,1701,4,3
2070,1701,16,3
2071,1701,2,3
2072,1702,16,1
2073,1702,11,1
2074,1702,15,1
2075,1703,13,1
2076,1704,13,3
2077,1704,30,1
2078,1705,11,1
2079,1706,21,2
2080,1707,16,3
2081,1707,16,1
2082,1707,4,3
2083,1707,21,3
2084,1707,15,3
2085,1708,13,3
2086,1709,30,2
2087,1709,16,1
2088,1709,15,3
2089,1709,30,3
2090,1710,15,3
2091,1710,11,3
2092,1710,4,1
2093,1710,16,3
2094,1711,15,2
2095,1711,30,3
2096,1712,13,3
2097,1712,15,1
2098,1712,4,3
2099,1712,6,3
2100,1713,11,2
2101,1713,16,1
2102,1714,4,1
2103,1714,16,2
2104,1715,6,2
2105,1715,22,1
2106,1715,16,3
2107,1716,11,3
2108,1716,4,2
2109,1716,30,3
2110,1717,16,1
2111,1718,13,1
2112,1718,20,3
2113,1719,4,3
2114,1719,16,2
2115,1720,13,2
2116,1720,13,3
2117,1720,15,3
2118,1721,15,3
2119,1721,4,2
2120,1722,15,3
2121,1722,15,2
2122,1722,14,2
2123,1722,30,1
2124,1722,30,3
2125,1723,4,1
2126,1723,11,2
2127,1723,15,2
2128,1723,11,1
2129,1723,16,1
2130,1724,13,3
2131,1724,16,1
2132,1725,30,2
2133,1725,30,1
2134,1725,13,2
2135,1725,15,3
2136,1725,18,3
2137,1726,13,2
2138,1726,4,3
2139,1726,16,1
2140,1726,30,2
2141,1726,15,2
2142,1727,11,2
2143,1727,13,2
2144,1728,13,3
2145,1728,29,1
2146,1728,13,2
2147,1728,4,1
2148,1728,16,1
2149,1729,16,3
2150,1730,11,1
2151,1730,14,3
2152,1730,15,2
2153,1731,13,3
2154,1731,11,3
2155,1731,15,1
2156,1731,15,3
2157,1732,15,3
2158,1732,16,2
2159,1732,22,3
2160,1733,11,1
2161,1733,13,2
2162,1734,11,1
2163,1734,15,3
2164,1734,28,1
2165,1734,11,2
2166,1735,30,2
2167,1735,4,3
2168,1736,2,2
2169,1736,28,2
2170,1736,16,2
2171,1736,11,1
2172,1736,15,2
2173,1737,11,1
2174,1737,30,1
2175,1737,13,1
2176,1738,4,2
2177,1738,4,2
2178,1739,4,2
2179,1739,11,1
2180,1740,16,3
2181,1740,4,1
2182,1740,11,2
2183,1741,4,2
2184,1742,11,2
2185,1742,15,2
2186,1742,15,2
2187,1743,15,2
2188,1743,13,1
2189,1743,11,1
2190,1743,4,3
2191,1743,14,3
2192,1744,4,2
2193,1745,4,1
2194,1746,4,1
2195,1746,23,1
2196,1746,11,2
2197,1746,15,3
2198,1746,30,1
2199,1747,16,1
2200,1747,16,1
2201,1747,14,1
2202,1747,16,1
2203,1747,30,3
2204,1748,11,1
2205,1748,30,2
2206,1749,4,2
2207,1750,13,1
2208,1750,16,3
2209,1750,4,2
2210,1750,4,2
2211,1751,11,2
2212,1751,16,1
2213,1752,16,2
2214,1752,11,3
2215,1752,11,3
2216,1752,30,1
2217,1752,5,3
2218,1753,30,3
2219,1753,7,3
2220,1753,16,3
2221,1753,4,2
2222,1753,7,3
2223,1754,4,3
2224,1754,13,3
2225,1755,15,3
2226,1755,13,1
2227,1755,30,3
2228,1756,4,1
2229,1757,30,3
2230,1757,15,2
2231,1757,13,1
2232,1758,30,3
2233,1758,11,2
2234,1759,16,1
2235,1759,16,3
2236,1760,15,2
2237,1760,4,3
2238,1760,16,1
2239,1760,4,1
2240,1761,9,1
2241,1761,15,3
2242,1762,7,3
2243,1762,30,3
2244,1763,11,1
2245,1763,29,3
2246,1763,16,3
2247,1763,13,3
2248,1763,27,2
2249,1764,4,2
2250,1764,18,3
2251,1765,15,2
2252,1765,9,3
2253,1765,30,2
2254,1765,4,3
2255,1765,13,2
2256,1766,15,2
2257,1766,13,1
2258,1767,4,1
2259,1767,11,3
2260,1767,4,2
2261,1767,4,2
2262,1768,16,2
2263,1768,13,2
2264,1768,30,3
2265,1768,16,1
2266,1768,16,1
2267,1769,15,2
2268,1770,20,1
2269,1770,16,1
2270,1771,11,3
2271,1771,16,3
2272,1771,27,1
2273,1771,11,1
2274,1771,15,3
2275,1772,15,1
2276,1772,16,2
2277,1772,13,1
2278,1772,11,2
2279,1772,4,3
2280,1773,15,1
2281,1773,13,1
2282,1773,13,2
2283,1773,11,2
2284,1774,20,1
2285,1775,11,1
2286,1775,16,3
2287,1776,4,1
2288,1776,11,2
2289,1776,26,3
2290,1777,13,1
2291,1778,11,3
2292,1778,13,1
2293,1779,13,2
2294,1780,13,1
2295,1780,11,2
2296,1781,13,3
2297,1781,11,3
2298,1781,13,2
2299,1781,30,2
2300,1782,4,1
2301,1782,11,3
2302,1782,15,1
2303,1782,4,1
2304,1782,13,2
2305,1783,16,1
2306,1783,11,1
2307,1783,16,3
2308,1783,30,2
2309,1783,15,1
2310,1784,15,1
2311,1784,16,2
2312,1785,16,3
2313,1785,13,1
2314,1785,11,1
2315,1786,30,2
2316,1786,4,3
2317,1787,15,2
2318,1787,15,2
2319,1788,16,3
2320,1789,4,1
2321,1790,11,2
2322,1791,4,3
2323,1791,15,2
2324,1791,9,1
2325,1791,13,1
2326,1791,11,1
2327,1792,15,3
2328,1792,16,3
2329,1793,30,2
2330,1793,6,1
2331,1793,21,2
2332,1793,16,1
2333,1794,13,1
2334,1794,16,1
2335,1794,30,2
2336,1795,30,1
2337,1795,16,3
2338,1796,13,2
2339,1796,4,2
2340,1796,11,2
2341,1796,17,1
2342,1796,11,2
2343,1797,16,2
2344,1797,17,1
2345,1798,5,1
2346,1798,11,3
2347,1798,2,2
2348,1798,15,1
2349,1798,3,3
2350,1799,26,3
2351,1799,15,1
2352,1800,15,3
2353,1800,15,2
2354,1800,11,2
2355,1800,13,1
2356,1800,25,3
2357,1801,13,3
2358,1801,16,3
2359,1801,4,1
2360,1801,13,3
2361,1802,11,1
2362,1803,4,2
2363,1803,16,3
2364,1803,4,2
2365,1804,11,1
2366,1804,19,2
2367,1804,13,2
2368,1805,30,3
2369,1805,11,3
2370,1805,12,1
2371,1805,30,2
2372,1806,30,3
2373,1807,30,1
2374,1807,10,2
2375,1808,13,1
2376,1808,11,1
2377,1809,30,2
2378,1809,4,1
2379,1809,30,2
2380,1810,4,2
2381,1810,30,1
2382,1810,11,2
2383,1810,30,2
2384,1811,4,1
2385,1811,25,2
2386,1812,12,2
2387,1813,4,1
2388,1813,22,2
2389,1813,30,1
2390,1813,4,1
2391,1814,15,2
2392,1814,15,2
2393,1814,16,2
2394,1815,10,1
2395,1815,13,2
2396,1815,15,1
2397,1816,15,2
2398,1816,18,3
2399,1816,15,3
2400,1816,4,3
2401,1817,13,1
2402,1817,4,3
2403,1817,30,1
2404,1818,28,1
2405,1818,30,3
2406,1818,4,1
2407,1818,30,1
2408,1819,11,1
2409,1819,19,1
2410,1819,11,2
2411,1819,17,1
2412,1819,30,2
2413,1820,11,3
2414,1820,13,2
2415,1820,4,2
2416,1820,30,1
2417,1821,4,3
2418,1821,11,2
2419,1821,13,1
2420,1821,26,1
2421,1821,16,2
2422,1822,15,3
2423,1823,30,1
2424,1824,7,1
2425,1824,30,1
2426,1824,11,1
2427,1825,30,2
2428,1825,15,3
2429,1825,11,2
2430,1826,4,3
2431,1826,13,2
2432,1827,13,1
2433,1827,16,2
2434,1828,20,2
2435,1828,13,2
2436,1828,13,1
2437,1828,11,1
2438,1828,19,2
2439,1829,13,3
2440,1829,13,3
2441,1830,16,1
2442,1830,30,2
2443,1831,6,2
2444,1831,16,2
2445,1831,15,1
2446,1832,30,1
2447,1833,15,1
2448,1833,21,3
2449,1833,4,3
2450,1833,10,1
2451,1833,4,2
2452,1834,4,1
2453,1834,30,3
2454,1834,4,2
2455,1835,16,2
2456,1835,3,1
2457,1835,11,1
2458,1835,11,1
2459,1835,11,3
2460,1836,11,2
2461,1837,6,2
2462,1837,4,3
2463,1837,13,1
2464,1837,12,2
2465,1838,16,3
2466,1838,13,1
2467,1838,30,3
2468,1838,16,2
2469,1838,4,2
2470,1839,15,1
2471,1839,11,1
2472,1840,30,2
2473,1840,11,3
2474,1840,30,1
2475,1841,15,3
2476,1841,11,3
2477,1841,30,1
2478,1842,16,2
2479,1842,14,3
2480,1843,20,1
2481,1843,11,3
2482,1843,13,1
2483,1844,16,3
2484,1844,11,3
2485,1844,21,3
2486,1844,16,1
2487,1845,4,1
2488,1845,30,2
2489,1845,4,1
2490,1846,15,1
2491,1846,15,1
2492,1846,11,3
2493,1847,16,2
2494,1847,13,3
2495,1848,30,3
2496,1849,4,1
2497,1849,11,1
2498,1849,14,1
2499,1849,4,2
2500,1850,30,2
2501,1850,15,3
2502,1850,30,2
2503,1850,13,2
2504,1850,30,3
2505,1851,16,2
2506,1852,14,3
2507,1853,15,2
2508,1853,15,2
2509,1853,11,3
2510,1854,30,1
2511,1854,20,1
2512,1854,16,1
2513,1854,13,3
2514,1855,16,3
2515,1855,12,3
2516,1855,30,3
2517,1855,9,1
2518,1856,4,2
2519,1857,15,2
2520,1857,4,1
2521,1857,16,2
2522,1858,13,2
2523,1858,15,3
2524,1859,11,2
2525,1859,11,3
2526,1859,16,2
2527,1859,11,1
2528,1859,15,1
2529,1860,11,1
2530,1861,11,2
2531,1862,11,3
2532,1862,30,2
2533,1863,30,3
2534,1863,16,2
2535,1863,11,3
2536,1864,11,1
2537,1864,16,2
2538,1864,19,3
2539,1864,11,1
2540,1864,4,2
2541,1865,11,3
2542,1865,4,3
2543,1866,4,2
2544,1867,11,2
2545,1867,16,3
2546,1867,13,1
2547,1867,11,3
2548,1867,30,3
2549,1868,16,1
2550,1868,8,1
2551,1868,16,2
2552,1868,30,2
2553,1869,23,3
2554,1869,11,1
2555,1870,4,1
2556,1870,4,3
2557,1870,16,1
2558,1871,20,2
2559,1871,13,3
2560,1871,4,1
2561,1871,4,2
2562,1871,16,2
2563,1872,4,2
2564,1872,6,3
2565,1872,16,2
2566,1872,19,1
2567,1873,16,1
2568,1873,16,3
2569,1873,27,1
2570,1873,4,1
2571,1874,15,2
2572,1875,11,3
2573,1875,11,2
2574,1875,15,2
2575,1875,13,3
2576,1876,4,3
2577,1876,16,2
2578,1876,22,1
2579,1876,16,3
2580,1876,13,2
2581,1877,4,2
2582,1877,13,3
2583,1878,15,3
2584,1878,13,2
2585,1878,13,3
2586,1878,13,2
2587,1878,30,3
2588,1879,4,2
2589,1879,30,2
2590,1879,13,2
2591,1880,16,2
2592,1880,30,2
2593,1881,15,1
2594,1881,4,3
2595,1881,11,1
2596,1881,30,1
2597,1882,11,2
2598,1883,15,1
2599,1883,23,2
2600,1883,15,2
2601,1883,16,1
2602,1883,13,1
2603,1884,13,1
2604,1884,30,2
2605,1884,4,2
2606,1884,4,3
2607,1885,4,1
2608,1885,4,2
2609,1886,13,2
2610,1887,15,2
2611,1887,30,3
2612,1887,13,3
2613,1887,11,2
2614,1887,11,1
2615,1888,15,1
2616,1888,30,2
2617,1888,30,2
2618,1888,30,3
2619,1888,2,2
2620,1889,16,3
2621,1889,16,1
2622,1890,21,1
2623,1890,16,2
2624,1890,15,1
2625,1891,15,3
2626,1892,30,3
2627,1893,13,3
2628,1893,10,3
2629,1893,13,1
2630,1893,20,3
2631,1894,16,3
2632,1894,17,1
2633,1895,11,3
2634,1895,16,1
2635,1896,13,1
2636,1896,18,2
2637,1896,22,2
2638,1897,16,1
2639,1897,15,3
2640,1897,30,3
2641,1897,11,2
2642,1897,16,3
2643,1898,4,2
2644,1898,16,2
2645,1898,5,1
2646,1898,16,2
2647,1899,16,3
2648,1900,13,2
2649,1900,15,3
2650,1900,16,1
2651,1900,13,3
2652,1900,13,3
2653,1901,4,1
2654,1901,15,2
2655,1901,13,1
2656,1901,15,2
2657,1902,13,2
2658,1902,11,3
2659,1902,15,3
2660,1902,30,1
2661,1903,30,3
2662,1903,11,1
2663,1903,15,1
2664,1904,11,3
2665,1905,4,3
2666,1905,16,1
2667,1905,11,2
2668,1905,2,3
2669,1906,13,1
2670,1906,11,3
2671,1906,30,1
2672,1907,11,1
2673,1907,19,3
2674,1907,4,2
2675,1908,15,2
2676,1908,26,1
2677,1908,16,3
2678,1909,15,1
2679,1910,30,1
2680,1910,15,3
2681,1910,11,1
2682,1911,17,2
2683,1911,13,1
2684,1911,15,2
2685,1911,13,3
2686,1911,15,2
2687,1912,4,3
2688,1913,4,2
2689,1913,9,2
2690,1913,16,1
2691,1913,3,3
2692,1913,13,3
2693,1914,30,3
2694,1914,16,2
2695,1914,9,3
2696,1914,11,2
2697,1914,13,1
2698,1915,15,2
2699,1915,22,1
2700,1916,15,3
2701,1916,23,1
2702,1917,14,3
2703,1917,13,3
2704,1917,16,3
2705,1918,11,1
2706,1919,4,1
2707,1919,16,1
2708,1919,13,3
2709,1920,16,2
2710,1921,11,1
2711,1921,16,3
2712,1922,11,1
2713,1922,16,1
2714,1922,15,3
2715,1923,15,3
2716,1923,16,1
2717,1923,4,1
2718,1923,30,1
2719,1923,5,3
2720,1924,16,1
2721,1924,13,1
2722,1924,15,2
2723,1924,28,1
2724,1925,13,3
2725,1925,30,3
2726,1925,11,3
2727,1925,16,2
2728,1926,30,2
2729,1926,13,3
2730,1926,15,1
2731,1926,15,1
2732,1927,23,2
2733,1928,1,2
2734,1928,9,2
2735,1928,4,1
2736,1928,13,2
2737,1929,11,2
2738,1929,4,1
2739,1929,30,3
2740,1929,30,2
2741,1930,25,2
2742,1931,19,1
2743,1931,11,3
2744,1931,11,3
2745,1932,18,2
2746,1933,18,2
2747,1933,15,3
2748,1933,13,2
2749,1934,16,3
2750,1934,3,1
2751,1935,30,1
2752,1935,11,3
2753,1935,30,3
2754,1935,4,3
2755,1935,4,1
2756,1936,11,2
2757,1936,11,3
2758,1936,7,2
2759,1936,13,2
2760,1937,13,2
2761,1937,15,2
2762,1937,11,1
2763,1937,16,3
2764,1937,4,3
2765,1938,30,2
2766,1939,30,1
2767,1939,15,2
2768,1939,1,3
2769,1939,28,2
2770,1939,16,1
2771,1940,30,1
2772,1940,4,2
2773,1940,15,3
2774,1941,11,2
2775,1941,4,2
2776,1941,11,3
2777,1941,13,2
2778,1942,11,2
2779,1942,30,3
2780,1942,30,2
2781,1942,15,3
2782,1942,15,1
2783,1943,2,3
2784,1943,11,3
2785,1943,16,1
2786,1943,13,3
2787,1944,30,1
2788,1944,17,1
2789,1944,30,3
2790,1944,4,3
2791,1944,4,1
2792,1945,4,1
2793,1945,11,2
2794,1945,11,3
2795,1946,21,2
2796,1947,15,1
2797,1947,15,1
2798,1947,8,2
2799,1947,30,3
2800,1947,4,2
2801,1948,11,1
2802,1949,13,1
2803,1949,29,2
2804,1949,16,2
2805,1949,15,2
2806,1949,16,1
2807,1950,4,1
2808,1950,13,2
2809,1950,12,1
2810,1950,30,3
2811,1951,13,2
2812,1951,30,3
2813,1951,15,2
2814,1952,21,2
2815,1952,11,2
2816,1952,15,3
2817,1952,13,3
2818,1953,16,3
2819,1954,11,2
2820,1954,30,3
2821,1954,15,1
2822,1955,16,3
2823,1955,19,3
2824,1955,14,2
2825,1956,15,1
2826,1956,13,3
2827,1956,30,3
2828,1957,11,1
2829,1957,4,2
2830,1957,4,2
2831,1957,25,1
2832,1957,22,2
2833,1958,30,3
2834,1958,16,1
2835,1959,4,2
2836,1959,1,2
2837,1959,13,3
2838,1959,11,1
2839,1959,10,1
2840,1960,11,2
2841,1961,9,3
2842,1962,26,1
2843,1963,4,3
2844,1963,11,3
2845,1964,16,3
2846,1964,13,2
2847,1964,15,3
2848,1964,13,3
2849,1964,21,1
2850,1965,30,1
2851,1966,16,1
2852,1966,4,1
2853,1967,28,3
2854,1968,16,3
2855,1968,15,1
2856,1969,30,3
2857,1969,30,2
2858,1969,13,2
2859,1969,29,2
2860,1970,30,3
2861,1970,11,1
2862,1970,13,2
2863,1970,11,1
2864,1971,11,2
2865,1971,11,2
2866,1971,15,2
2867,1971,28,2
2868,1972,4,2
2869,1972,4,2
2870,1972,15,2
2871,1972,11,2
2872,1972,4,1
2873,1973,4,3
2874,1973,10,2
2875,1973,30,1
2876,1974,30,3
2877,1974,16,3
2878,1974,15,2
2879,1974,15,2
2880,1974,30,3
2881,1975,11,1
2882,1976,13,3
2883,1976,15,2
2884,1977,30,1
2885,1977,2,1
2886,1977,30,3
2887,1978,16,2
2888,1978,4,3
2889,1978,4,1
2890,1978,13,3
2891,1979,15,2
2892,1979,3,1
2893,1979,15,3
2894,1979,16,3
2895,1980,4,3
2896,1980,11,3
2897,1980,26,2
2898,1980,15,2
2899,1980,4,2
2900,1981,4,1
2901,1981,11,2
2902,1981,13,3
2903,1981,11,2
2904,1981,13,3
2905,1982,30,1
2906,1983,11,2
2907,1983,30,2
2908,1983,30,1
2909,1983,4,2
2910,1984,16,3
2911,1984,17,3
2912,1984,25,1
2913,1984,11,2
2914,1984,11,1
2915,1985,30,2
2916,1986,4,3
2917,1987,4,3
2918,1987,11,2
2919,1987,13,3
2920,1987,16,3
2921,1988,15,1
2922,1989,16,2
2923,1989,4,1
2924,1989,16,1
2925,1989,30,1
2926,1989,30,2
2927,1990,11,2
2928,1991,30,2
2929,1991,16,2
2930,1991,4,3
2931,1992,4,2
2932,1992,4,3
2933,1992,13,1
2934,1993,15,1
2935,1993,4,2
2936,1994,1,2
2937,1995,16,2
2938,1995,16,2
2939,1996,11,3
2940,1996,12,3
2941,1996,4,2
2942,1996,28,2
2943,1996,4,3
2944,1997,18,3
2945,1997,4,3
2946,1997,15,2
2947,1997,30,1
2948,1998,15,2
2949,1998,13,3
2950,1998,15,3
2951,1998,11,1
2952,1998,4,1
2953,1999,20,1
2954,2000,13,2
2955,2000,13,1
