payment_id,order_id,payment_date,amount,method
5000,1001,29-03-25,969.38,Cash
5001,1002,27-04-25,174.3,Cash
5002,1003,10-03-25,485.67,BankTransfer
5003,1004,31-01-25,216.05,CreditCard
5004,1005,23-03-25,1022.1,Cash
5005,1006,31-01-25,642,Cash
5006,1007,09-01-25,152.41,Cash
5007,1008,14-01-25,813.87,BankTransfer
5008,1009,24-02-25,438.94,BankTransfer
5009,1010,14-02-25,81.81,CreditCard
5010,1011,04-04-25,359.48,PayPal
5011,1012,02-03-25,645.55,BankTransfer
5012,1013,15-01-25,1077.93,PayPal
5013,1014,30-03-25,215.93,Cash
5014,1015,10-04-25,1115.53,BankTransfer
5015,1016,20-01-25,491.13,CreditCard
5016,1017,03-01-25,479.66,Cash
5017,1018,14-03-25,822.63,BankTransfer
5018,1019,29-04-25,571.71,CreditCard
5019,1020,22-01-25,724.82,Cash
5020,1021,24-02-25,655.8,BankTransfer
5021,1022,27-03-25,486.73,Cash
5022,1023,30-04-25,396.47,PayPal
5023,1024,24-04-25,61.66,BankTransfer
5024,1025,23-04-25,292.63,CreditCard
5025,1026,02-03-25,119.84,Cash
5026,1027,04-03-25,457.59,PayPal
5027,1028,25-03-25,180.42,BankTransfer
5028,1029,27-01-25,179.76,CreditCard
5029,1030,08-04-25,889.05,BankTransfer
5030,1031,08-02-25,440.84,CreditCard
5031,1032,13-02-25,818.5,BankTransfer
5032,1033,06-02-25,754.21,BankTransfer
5033,1034,26-03-25,370.44,Cash
5034,1035,09-01-25,550.08,CreditCard
5035,1036,29-04-25,702.6,BankTransfer
5036,1037,10-04-25,1041.45,CreditCard
5037,1038,14-01-25,579.29,CreditCard
5038,1039,27-03-25,30.83,Cash
5039,1040,17-03-25,613.83,Cash
5040,1041,31-01-25,1135.02,PayPal
5041,1042,11-03-25,92.61,CreditCard
5042,1043,05-04-25,1203.52,BankTransfer
5043,1044,03-04-25,58.1,PayPal
5044,1045,21-04-25,976.48,PayPal
5045,1046,30-04-25,325.93,CreditCard
5046,1047,06-01-25,631.63,CreditCard
5047,1048,27-04-25,399.31,Cash
5048,1049,30-04-25,180.99,CreditCard
5049,1050,24-01-25,507.53,CreditCard
5050,1051,25-02-25,957.7,BankTransfer
5051,1052,23-04-25,566.14,CreditCard
5052,1053,19-04-25,147.15,BankTransfer
5053,1054,25-01-25,412.08,PayPal
5054,1055,02-05-25,30.83,BankTransfer
5055,1056,30-04-25,61.66,CreditCard
5056,1057,07-01-25,457.78,Cash
5057,1058,19-04-25,359.64,CreditCard
5058,1059,20-02-25,907.25,PayPal
5059,1060,13-04-25,234.34,PayPal
5060,1061,07-03-25,399.41,BankTransfer
5061,1062,24-01-25,496.56,PayPal
5062,1063,01-05-25,484.98,CreditCard
5063,1064,07-04-25,486.44,PayPal
5064,1065,24-04-25,92.49,Cash
5065,1066,29-04-25,421.3,CreditCard
5066,1067,08-02-25,321.93,BankTransfer
5067,1068,25-04-25,471.81,BankTransfer
5068,1069,05-01-25,957.44,BankTransfer
5069,1070,03-01-25,406.16,CreditCard
5070,1071,10-02-25,801.45,Cash
5071,1072,14-03-25,340.92,CreditCard
5072,1073,19-03-25,1212.75,PayPal
5073,1074,16-01-25,481.76,CreditCard
5074,1075,29-04-25,859.35,BankTransfer
5075,1076,14-02-25,269.97,CreditCard
5076,1077,06-02-25,297.86,CreditCard
5077,1078,28-02-25,59.92,BankTransfer
5078,1079,25-03-25,964.62,CreditCard
5079,1080,13-03-25,417.74,PayPal
5080,1081,10-03-25,180.42,PayPal
5081,1082,07-03-25,285.94,PayPal
5082,1083,25-04-25,302.23,CreditCard
5083,1084,02-05-25,596.81,BankTransfer
5084,1085,18-01-25,30.83,BankTransfer
5085,1086,19-04-25,832.6,BankTransfer
5086,1087,07-03-25,846.67,PayPal
5087,1088,01-03-25,54.54,BankTransfer
5088,1089,04-02-25,398.87,PayPal
5089,1090,26-01-25,291.87,BankTransfer
5090,1091,16-04-25,646.66,Cash
5091,1092,16-01-25,81.81,CreditCard
5092,1093,13-02-25,791.63,BankTransfer
5093,1094,23-01-25,487.83,BankTransfer
5094,1095,05-04-25,457.35,Cash
5095,1096,02-03-25,180.42,PayPal
5096,1097,24-03-25,876.71,Cash
5097,1098,02-02-25,861.82,PayPal
5098,1099,04-04-25,27.27,Cash
5099,1100,25-01-25,911.74,BankTransfer
5100,1101,02-01-25,536.03,BankTransfer
5101,1102,07-04-25,758.87,BankTransfer
5102,1103,13-02-25,1289.01,PayPal
5103,1104,13-04-25,496.56,PayPal
5104,1105,08-02-25,868.41,BankTransfer
5105,1106,14-03-25,963,CreditCard
5106,1107,30-03-25,634.09,PayPal
5107,1108,08-04-25,615.68,PayPal
5108,1109,26-01-25,625.71,BankTransfer
5109,1110,24-01-25,213.05,Cash
5110,1111,22-03-25,253.11,CreditCard
5111,1112,21-04-25,689.19,CreditCard
5112,1113,25-03-25,212.49,BankTransfer
5113,1114,25-04-25,160.5,PayPal
5114,1115,22-02-25,246.88,Cash
5115,1116,17-04-25,506.22,BankTransfer
5116,1117,26-02-25,370.32,CreditCard
5117,1118,07-03-25,121.58,BankTransfer
5118,1119,12-02-25,253.11,PayPal
5119,1120,13-01-25,964.23,PayPal
5120,1121,21-02-25,868.29,Cash
5121,1122,29-03-25,182.7,Cash
5122,1123,15-01-25,185.22,Cash
5123,1124,26-01-25,988.58,Cash
5124,1125,19-01-25,736.38,PayPal
5125,1126,04-03-25,56.85,BankTransfer
5126,1127,13-02-25,415.38,BankTransfer
5127,1128,01-05-25,680.22,Cash
5128,1129,02-02-25,160.5,CreditCard
5129,1130,01-01-25,277.83,CreditCard
5130,1131,04-02-25,509.01,Cash
5131,1132,20-02-25,551.82,Cash
5132,1133,02-02-25,1376.61,CreditCard
5133,1134,27-02-25,956.98,PayPal
5134,1135,08-04-25,522.69,PayPal
5135,1136,06-02-25,1097.76,PayPal
5136,1137,12-02-25,1111.77,BankTransfer
5137,1138,08-02-25,558.3,CreditCard
5138,1139,17-03-25,765.44,PayPal
5139,1140,04-04-25,729.33,Cash
5140,1141,16-03-25,337.75,PayPal
5141,1142,03-01-25,282.99,CreditCard
5142,1143,05-02-25,748.12,PayPal
5143,1144,25-03-25,216.05,PayPal
5144,1145,17-02-25,802.5,BankTransfer
5145,1146,30-03-25,695.03,PayPal
5146,1147,31-01-25,59.92,PayPal
5147,1148,09-01-25,430.47,CreditCard
5148,1149,29-03-25,1339.11,PayPal
5149,1150,16-01-25,454.53,BankTransfer
5150,1151,01-03-25,618.09,Cash
5151,1152,09-02-25,179.76,BankTransfer
5152,1153,21-01-25,81.81,Cash
5153,1154,23-02-25,304.98,Cash
5154,1155,31-03-25,277.83,PayPal
5155,1156,07-03-25,726.64,Cash
5156,1157,30-04-25,1124.31,PayPal
5157,1158,25-04-25,27.27,Cash
5158,1159,24-04-25,667.25,BankTransfer
5159,1160,01-04-25,185.22,Cash
5160,1161,10-04-25,1208.94,BankTransfer
5161,1162,11-02-25,513.25,Cash
5162,1163,01-04-25,1262.52,Cash
5163,1164,18-01-25,270.63,CreditCard
5164,1165,24-03-25,481.5,Cash
5165,1166,30-04-25,61.66,CreditCard
5166,1167,01-05-25,967.14,PayPal
5167,1168,07-02-25,487.28,BankTransfer
5168,1169,18-02-25,510.01,BankTransfer
5169,1170,22-03-25,370.44,CreditCard
5170,1171,31-01-25,695.53,Cash
5171,1172,29-01-25,519.25,PayPal
5172,1173,18-01-25,789.85,Cash
5173,1174,03-03-25,575.93,CreditCard
5174,1175,20-01-25,92.49,BankTransfer
5175,1176,01-03-25,398.52,CreditCard
5176,1177,07-04-25,1146.14,Cash
5177,1178,21-03-25,694.32,PayPal
5178,1179,18-02-25,587.91,PayPal
5179,1180,24-02-25,907.61,BankTransfer
5180,1181,01-04-25,310.77,Cash
5181,1182,12-03-25,90.21,BankTransfer
5182,1183,28-04-25,363.24,PayPal
5183,1184,02-03-25,54.54,Cash
5184,1185,09-04-25,27.27,CreditCard
5185,1186,11-03-25,607.63,CreditCard
5186,1187,14-04-25,711.75,CreditCard
5187,1188,29-03-25,187.77,Cash
5188,1189,16-04-25,728.93,PayPal
5189,1190,29-01-25,955.15,PayPal
5190,1191,10-04-25,501.07,Cash
5191,1192,03-02-25,441.45,Cash
5192,1193,29-03-25,636.15,Cash
5193,1194,09-04-25,957.55,Cash
5194,1195,19-03-25,737.61,CreditCard
5195,1196,23-04-25,255.36,Cash
5196,1197,12-04-25,516.81,CreditCard
5197,1198,13-01-25,30.83,Cash
5198,1199,11-03-25,270.63,BankTransfer
5199,1200,28-02-25,572.51,BankTransfer
5200,1201,11-03-25,60.7,BankTransfer
5201,1202,01-04-25,765.32,PayPal
5202,1203,17-02-25,92.61,Cash
5203,1204,12-01-25,279.04,CreditCard
5204,1205,28-04-25,352.79,CreditCard
5205,1206,15-03-25,754.94,BankTransfer
5206,1207,15-01-25,762.72,Cash
5207,1208,09-01-25,870.19,CreditCard
5208,1209,18-04-25,201.65,BankTransfer
5209,1210,12-03-25,119.84,CreditCard
5210,1211,27-04-25,321,Cash
5211,1212,07-03-25,119.84,CreditCard
5212,1213,28-01-25,445.92,BankTransfer
5213,1214,16-03-25,265.65,Cash
5214,1215,11-03-25,398.87,BankTransfer
5215,1216,20-01-25,727.56,BankTransfer
5216,1217,22-01-25,491.58,BankTransfer
5217,1218,12-02-25,591.63,Cash
5218,1219,20-04-25,360.18,Cash
5219,1220,09-03-25,522.65,BankTransfer
5220,1221,28-02-25,1151.19,CreditCard
5221,1222,17-01-25,397.85,CreditCard
5222,1223,30-03-25,1052.5,CreditCard
5223,1224,29-01-25,160.5,Cash
5224,1225,02-04-25,591.63,PayPal
5225,1226,16-03-25,350.29,CreditCard
5226,1227,04-03-25,947.3,PayPal
5227,1228,14-01-25,154.27,Cash
5228,1229,27-04-25,119.84,BankTransfer
5229,1230,08-03-25,424.98,Cash
5230,1231,01-03-25,579.29,PayPal
5231,1232,16-04-25,1232.81,Cash
5232,1233,08-01-25,666.72,CreditCard
5233,1234,01-03-25,733.68,BankTransfer
5234,1235,17-01-25,756.11,PayPal
5235,1236,09-03-25,160.5,CreditCard
5236,1237,24-02-25,877.87,CreditCard
5237,1238,01-03-25,700.48,BankTransfer
5238,1239,15-03-25,790.59,Cash
5239,1240,08-01-25,906.4,PayPal
5240,1241,15-03-25,180.42,BankTransfer
5241,1242,03-03-25,601.34,CreditCard
5242,1243,29-03-25,30.83,CreditCard
5243,1244,14-04-25,81.81,BankTransfer
5244,1245,10-02-25,313.69,PayPal
5245,1246,05-04-25,160.5,CreditCard
5246,1247,04-01-25,835.86,Cash
5247,1248,20-02-25,846.39,Cash
5248,1249,03-02-25,1341.17,PayPal
5249,1250,16-04-25,277.83,CreditCard
5250,1251,03-01-25,959.67,Cash
5251,1252,06-04-25,939.09,BankTransfer
5252,1253,29-01-25,345.44,CreditCard
5253,1254,17-03-25,1177.77,PayPal
5254,1255,10-01-25,899.39,Cash
5255,1256,08-01-25,356.52,PayPal
5256,1257,25-02-25,489.08,BankTransfer
5257,1258,15-02-25,789.27,BankTransfer
5258,1259,31-03-25,30.83,PayPal
5259,1260,09-01-25,152.53,CreditCard
5260,1261,13-03-25,427.29,BankTransfer
5261,1262,08-01-25,1331.42,CreditCard
5262,1263,02-05-25,581.63,BankTransfer
5263,1264,27-04-25,339.49,Cash
5264,1265,11-01-25,577.46,Cash
5265,1266,02-05-25,186.09,BankTransfer
5266,1267,04-03-25,364.86,Cash
5267,1268,06-01-25,160.5,CreditCard
5268,1269,07-02-25,720.66,BankTransfer
5269,1270,23-02-25,349.17,BankTransfer
5270,1271,25-01-25,781.02,PayPal
5271,1272,10-04-25,398.58,Cash
5272,1273,18-01-25,119.88,PayPal
5273,1274,11-04-25,545.47,Cash
5274,1275,25-03-25,119.84,Cash
5275,1276,04-04-25,543.71,CreditCard
5276,1277,26-03-25,307.65,Cash
5277,1278,25-02-25,595.24,BankTransfer
5278,1279,17-02-25,1161.86,PayPal
5279,1280,27-04-25,245.97,BankTransfer
5280,1281,19-02-25,707.87,BankTransfer
5281,1282,28-02-25,304.1,Cash
5282,1283,24-04-25,438.58,Cash
5283,1284,28-04-25,274.96,PayPal
5284,1285,29-04-25,610.71,PayPal
5285,1286,20-02-25,623.55,BankTransfer
5286,1287,20-02-25,819.25,Cash
5287,1288,12-01-25,380.92,CreditCard
5288,1289,30-03-25,397.67,Cash
5289,1290,26-03-25,410.75,Cash
5290,1291,24-04-25,61.66,PayPal
5291,1292,12-03-25,923.12,CreditCard
5292,1293,18-01-25,27.27,Cash
5293,1294,25-03-25,163.62,PayPal
5294,1295,21-04-25,54.54,BankTransfer
5295,1296,14-02-25,599.85,PayPal
5296,1297,18-01-25,419.4,Cash
5297,1298,25-01-25,511.15,Cash
5298,1299,11-03-25,182.82,PayPal
5299,1300,21-02-25,1436.37,BankTransfer
5300,1301,10-03-25,119.84,BankTransfer
5301,1302,19-01-25,451.62,CreditCard
5302,1303,06-04-25,627.21,BankTransfer
5303,1304,31-01-25,453.45,Cash
5304,1305,17-04-25,888.57,Cash
5305,1306,02-01-25,238.64,Cash
5306,1307,08-04-25,300.3,Cash
5307,1308,03-01-25,1307.79,PayPal
5308,1309,09-02-25,609.34,BankTransfer
5309,1310,01-03-25,179.76,BankTransfer
5310,1311,29-03-25,668.46,PayPal
5311,1312,05-04-25,562.41,CreditCard
5312,1313,12-03-25,598.83,Cash
5313,1314,25-02-25,320.43,Cash
5314,1315,10-03-25,681.84,CreditCard
5315,1316,20-02-25,1366.5,PayPal
5316,1317,16-04-25,286.57,CreditCard
5317,1318,01-02-25,873.13,Cash
5318,1319,01-02-25,541.26,BankTransfer
5319,1320,02-03-25,481.5,PayPal
5320,1321,14-02-25,92.49,Cash
5321,1322,22-01-25,574.56,CreditCard
5322,1323,06-02-25,943.77,CreditCard
5323,1324,27-01-25,445.01,Cash
5324,1325,02-05-25,180.42,PayPal
5325,1326,23-04-25,1140.25,Cash
5326,1327,04-04-25,279.04,PayPal
5327,1328,08-04-25,1091.34,Cash
5328,1329,17-01-25,179.14,PayPal
5329,1330,06-01-25,354.18,PayPal
5330,1331,15-04-25,185.22,CreditCard
5331,1332,26-03-25,971.7,PayPal
5332,1333,25-02-25,352.44,Cash
5333,1334,21-03-25,842.3,PayPal
5334,1335,11-04-25,233.09,Cash
5335,1336,30-04-25,359.52,PayPal
5336,1337,25-04-25,573.99,CreditCard
5337,1338,26-04-25,601.19,BankTransfer
5338,1339,03-01-25,332.37,PayPal
5339,1340,01-02-25,786.13,CreditCard
5340,1341,27-01-25,147.15,CreditCard
5341,1342,11-01-25,278.79,Cash
5342,1343,15-01-25,747.96,Cash
5343,1344,19-03-25,873.17,CreditCard
5344,1345,06-01-25,277.83,BankTransfer
5345,1346,01-03-25,277.83,CreditCard
5346,1347,20-03-25,772.08,CreditCard
5347,1348,29-03-25,813.79,Cash
5348,1349,03-04-25,323.02,CreditCard
5349,1350,23-04-25,609.11,Cash
5350,1351,09-01-25,277.83,CreditCard
5351,1352,02-02-25,348.27,Cash
5352,1353,07-04-25,424.87,Cash
5353,1354,07-01-25,398.88,CreditCard
5354,1355,21-02-25,380.92,PayPal
5355,1356,27-02-25,54.54,CreditCard
5356,1357,01-02-25,1044.58,PayPal
5357,1358,12-03-25,519.13,Cash
5358,1359,30-01-25,884.31,BankTransfer
5359,1360,07-04-25,250.71,PayPal
5360,1361,22-04-25,90.21,PayPal
5361,1362,11-04-25,698.32,CreditCard
5362,1363,09-01-25,185.22,CreditCard
5363,1364,19-01-25,1200.91,Cash
5364,1365,06-03-25,310.63,BankTransfer
5365,1366,08-02-25,521.11,BankTransfer
5366,1367,01-02-25,794.34,Cash
5367,1368,16-04-25,347.1,Cash
5368,1369,30-04-25,386.87,BankTransfer
5369,1370,06-04-25,270.63,BankTransfer
5370,1371,17-03-25,337.63,CreditCard
5371,1372,10-02-25,279.04,PayPal
5372,1373,17-03-25,300.26,BankTransfer
5373,1374,18-03-25,27.27,PayPal
5374,1375,10-04-25,446.21,BankTransfer
5375,1376,30-03-25,270.63,BankTransfer
5376,1377,16-04-25,179.76,PayPal
5377,1378,13-02-25,1097.73,BankTransfer
5378,1379,01-02-25,180.42,Cash
5379,1380,10-02-25,179.76,BankTransfer
5380,1381,23-04-25,59.92,PayPal
5381,1382,19-01-25,1062.48,BankTransfer
5382,1383,27-03-25,423.08,BankTransfer
5383,1384,10-03-25,272.91,PayPal
5384,1385,29-01-25,59.92,PayPal
5385,1386,24-02-25,1205.29,BankTransfer
5386,1387,08-02-25,481.5,CreditCard
5387,1388,06-02-25,321,BankTransfer
5388,1389,10-01-25,802.99,Cash
5389,1390,14-03-25,121.58,PayPal
5390,1391,18-03-25,723.81,PayPal
5391,1392,25-04-25,363.12,BankTransfer
5392,1393,07-04-25,177.94,BankTransfer
5393,1394,28-04-25,529.94,Cash
5394,1395,25-01-25,301.46,PayPal
5395,1396,24-03-25,180.42,Cash
5396,1397,28-03-25,1146.64,Cash
5397,1398,25-02-25,319.33,CreditCard
5398,1399,15-03-25,586.56,CreditCard
5399,1400,06-03-25,588.18,PayPal
5400,1401,08-01-25,27.27,PayPal
5401,1402,14-02-25,220.42,PayPal
5402,1403,02-05-25,553.46,CreditCard
5403,1404,26-03-25,233.32,PayPal
5404,1405,28-03-25,558.17,Cash
5405,1406,19-02-25,791.49,CreditCard
5406,1407,13-04-25,160.5,PayPal
5407,1408,11-03-25,822.42,PayPal
5408,1409,11-02-25,441.99,CreditCard
5409,1410,01-04-25,277.83,CreditCard
5410,1411,24-02-25,224.66,CreditCard
5411,1412,23-02-25,59.92,CreditCard
5412,1413,20-01-25,90.21,Cash
5413,1414,10-02-25,602.49,PayPal
5414,1415,18-02-25,434.25,BankTransfer
5415,1416,26-01-25,779.25,PayPal
5416,1417,09-04-25,259.36,PayPal
5417,1418,10-03-25,297.9,Cash
5418,1419,02-03-25,452.79,CreditCard
5419,1420,02-02-25,750.11,BankTransfer
5420,1421,21-04-25,290.5,BankTransfer
5421,1422,29-01-25,1240.83,PayPal
5422,1423,10-02-25,618.09,CreditCard
5423,1424,20-04-25,30.83,BankTransfer
5424,1425,01-04-25,372.59,PayPal
5425,1426,19-01-25,457.35,PayPal
5426,1427,16-04-25,583.23,Cash
5427,1428,02-03-25,438.17,CreditCard
5428,1429,30-04-25,972.53,CreditCard
5429,1430,09-01-25,179.76,CreditCard
5430,1431,13-03-25,539.94,Cash
5431,1432,22-02-25,323.88,Cash
5432,1433,23-02-25,904.92,Cash
5433,1434,13-03-25,160.5,CreditCard
5434,1435,11-03-25,119.84,PayPal
5435,1436,20-01-25,760.71,Cash
5436,1437,20-02-25,119.84,CreditCard
5437,1438,03-02-25,467.48,Cash
5438,1439,02-02-25,977.76,Cash
5439,1440,29-01-25,594.64,PayPal
5440,1441,14-02-25,220.42,Cash
5441,1442,24-03-25,54.54,BankTransfer
5442,1443,12-01-25,270.63,BankTransfer
5443,1444,30-04-25,717,PayPal
5444,1445,28-02-25,408.34,Cash
5445,1446,21-04-25,139.52,BankTransfer
5446,1447,19-02-25,896.1,BankTransfer
5447,1448,13-01-25,454.38,PayPal
5448,1449,11-03-25,1162.68,BankTransfer
5449,1450,05-04-25,300.26,BankTransfer
5450,1451,19-04-25,233.68,Cash
5451,1452,25-01-25,246.76,PayPal
5452,1453,08-01-25,54.54,CreditCard
5453,1454,05-02-25,1000.9,Cash
5454,1455,19-02-25,869.61,PayPal
5455,1456,28-03-25,92.49,CreditCard
5456,1457,20-03-25,530.94,BankTransfer
5457,1458,19-03-25,566.87,Cash
5458,1459,07-01-25,933.63,PayPal
5459,1460,22-04-25,752.13,CreditCard
5460,1461,10-01-25,710.46,PayPal
5461,1462,26-01-25,400.84,BankTransfer
5462,1463,14-04-25,422.58,Cash
5463,1464,08-04-25,233.32,BankTransfer
5464,1465,19-03-25,180.42,PayPal
5465,1466,05-04-25,92.49,PayPal
5466,1467,28-03-25,630.18,PayPal
5467,1468,13-03-25,294.96,Cash
5468,1469,28-01-25,396.06,PayPal
5469,1470,05-03-25,179.76,PayPal
5470,1471,28-01-25,612.63,Cash
5471,1472,24-04-25,92.61,Cash
5472,1473,29-04-25,1622.3,BankTransfer
5473,1474,12-02-25,579.42,BankTransfer
5474,1475,09-02-25,61.66,BankTransfer
5475,1476,28-04-25,359.52,PayPal
5476,1477,03-01-25,392.21,BankTransfer
5477,1478,30-01-25,470.21,BankTransfer
5478,1479,02-05-25,344.04,BankTransfer
5479,1480,26-01-25,961.82,BankTransfer
5480,1481,06-04-25,756.93,Cash
5481,1482,17-01-25,379.46,CreditCard
5482,1483,07-04-25,30.83,CreditCard
5483,1484,08-04-25,160.5,BankTransfer
5484,1485,05-03-25,460.1,PayPal
5485,1486,29-04-25,512.32,BankTransfer
5486,1487,01-02-25,332.83,PayPal
5487,1488,31-03-25,666.72,BankTransfer
5488,1489,20-03-25,390.47,BankTransfer
5489,1490,01-04-25,239.68,BankTransfer
5490,1491,28-01-25,466.94,Cash
5491,1492,21-02-25,440.84,PayPal
5492,1493,28-04-25,277.59,Cash
5493,1494,01-02-25,711.36,CreditCard
5494,1495,12-03-25,358.9,PayPal
5495,1496,11-02-25,395.35,BankTransfer
5496,1497,12-04-25,296.45,Cash
5497,1498,08-02-25,568,Cash
5498,1499,18-02-25,185.22,Cash
5499,1500,03-03-25,557.69,Cash
5500,1501,10-03-25,542.4,BankTransfer
5501,1502,27-03-25,561.89,Cash
5502,1503,15-02-25,209.97,CreditCard
5503,1504,09-02-25,180.42,BankTransfer
5504,1505,04-02-25,136.35,BankTransfer
5505,1506,17-02-25,1271.08,BankTransfer
5506,1507,07-03-25,381.05,Cash
5507,1508,23-04-25,818.62,CreditCard
5508,1509,06-03-25,1136.39,Cash
5509,1510,01-03-25,92.61,PayPal
5510,1511,15-01-25,325.09,BankTransfer
5511,1512,15-04-25,345.49,PayPal
5512,1513,05-04-25,534.06,CreditCard
5513,1514,03-03-25,413.61,PayPal
5514,1515,09-04-25,333.61,BankTransfer
5515,1516,20-04-25,885.63,BankTransfer
5516,1517,12-02-25,92.61,CreditCard
5517,1518,28-04-25,377.86,CreditCard
5518,1519,29-01-25,1062.76,BankTransfer
5519,1520,18-02-25,81.81,Cash
5520,1521,12-02-25,1262.58,PayPal
5521,1522,22-02-25,119.84,BankTransfer
5522,1523,07-01-25,368.04,PayPal
5523,1524,15-03-25,250.71,BankTransfer
5524,1525,22-04-25,147.03,PayPal
5525,1526,31-01-25,455.85,BankTransfer
5526,1527,06-04-25,932.94,CreditCard
5527,1528,19-01-25,675.56,CreditCard
5528,1529,05-01-25,424.94,Cash
5529,1530,04-02-25,630.3,Cash
5530,1531,13-03-25,367.53,CreditCard
5531,1532,02-05-25,234.96,CreditCard
5532,1533,18-03-25,269.97,BankTransfer
5533,1534,16-03-25,272.91,Cash
5534,1535,03-04-25,90.21,BankTransfer
5535,1536,25-02-25,1138.26,Cash
5536,1537,08-02-25,61.66,BankTransfer
5537,1538,22-01-25,676.99,CreditCard
5538,1539,28-01-25,90.21,CreditCard
5539,1540,14-02-25,174.38,CreditCard
5540,1541,01-02-25,321,CreditCard
5541,1542,20-02-25,321,PayPal
5542,1543,16-03-25,532.86,CreditCard
5543,1544,19-04-25,391.38,Cash
5544,1545,03-02-25,92.61,PayPal
5545,1546,05-03-25,27.27,Cash
5546,1547,13-03-25,1184.2,Cash
5547,1548,26-03-25,1087.39,PayPal
5548,1549,03-05-25,577.31,BankTransfer
5549,1550,29-03-25,81.81,PayPal
5550,1551,15-02-25,370.44,BankTransfer
5551,1552,03-02-25,658.74,Cash
5552,1553,08-04-25,853.2,Cash
5553,1554,18-04-25,1384.26,BankTransfer
5554,1555,04-03-25,1370.21,Cash
5555,1556,03-04-25,90.21,CreditCard
5556,1557,24-03-25,997.23,BankTransfer
5557,1558,06-04-25,570.15,PayPal
5558,1559,05-03-25,109.16,PayPal
5559,1560,02-03-25,414.1,BankTransfer
5560,1561,24-01-25,203.37,Cash
5561,1562,06-04-25,1096.01,PayPal
5562,1563,14-04-25,434.65,BankTransfer
5563,1564,17-02-25,1149.03,PayPal
5564,1565,22-01-25,1292.24,PayPal
5565,1566,18-01-25,929.11,BankTransfer
5566,1567,03-04-25,59.92,CreditCard
5567,1568,11-03-25,681.84,CreditCard
5568,1569,04-03-25,472.82,BankTransfer
5569,1570,24-01-25,440.07,BankTransfer
5570,1571,29-04-25,586.13,PayPal
5571,1572,26-04-25,350.24,PayPal
5572,1573,11-03-25,81.81,BankTransfer
5573,1574,24-03-25,302,Cash
5574,1575,09-01-25,457.09,PayPal
5575,1576,09-03-25,407.38,BankTransfer
5576,1577,05-01-25,294.14,PayPal
5577,1578,19-04-25,792.77,CreditCard
5578,1579,20-04-25,1057.08,CreditCard
5579,1580,11-01-25,700.44,PayPal
5580,1581,02-05-25,389,CreditCard
5581,1582,16-04-25,136.35,Cash
5582,1583,28-03-25,789.76,PayPal
5583,1584,07-01-25,364.2,Cash
5584,1585,10-04-25,813.87,CreditCard
5585,1586,01-01-25,54.54,PayPal
5586,1587,24-02-25,519.82,CreditCard
5587,1588,18-01-25,326.95,PayPal
5588,1589,18-04-25,603.58,Cash
5589,1590,24-03-25,104.57,BankTransfer
5590,1591,01-02-25,92.61,BankTransfer
5591,1592,10-01-25,344.47,PayPal
5592,1593,01-04-25,92.61,CreditCard
5593,1594,22-01-25,185.22,BankTransfer
5594,1595,03-01-25,610.08,BankTransfer
5595,1596,30-01-25,30.83,CreditCard
5596,1597,07-03-25,462.93,CreditCard
5597,1598,28-02-25,809.98,Cash
5598,1599,18-02-25,304.94,Cash
5599,1600,08-01-25,722.38,BankTransfer
5600,1601,22-03-25,507.33,BankTransfer
5601,1602,23-03-25,469.31,Cash
5602,1603,29-03-25,265.05,BankTransfer
5603,1604,30-04-25,85.89,CreditCard
5604,1605,22-03-25,303.74,Cash
5605,1606,28-04-25,321,CreditCard
5606,1607,04-03-25,119.84,BankTransfer
5607,1608,26-03-25,363.33,PayPal
5608,1609,04-03-25,283.84,PayPal
5609,1610,05-01-25,480.22,CreditCard
5610,1611,01-01-25,575.76,PayPal
5611,1612,10-03-25,829.76,Cash
5612,1613,12-03-25,517.59,CreditCard
5613,1614,24-02-25,61.66,PayPal
5614,1615,04-01-25,181.5,BankTransfer
5615,1616,04-01-25,264.63,Cash
5616,1617,09-03-25,169,Cash
5617,1618,03-04-25,465.6,PayPal
5618,1619,07-02-25,81.81,PayPal
5619,1620,12-03-25,802.5,PayPal
5620,1621,07-02-25,542,CreditCard
5621,1622,03-01-25,507.27,CreditCard
5622,1623,07-03-25,1091.68,PayPal
5623,1624,16-04-25,604.94,Cash
5624,1625,02-04-25,623.23,BankTransfer
5625,1626,29-03-25,526.82,BankTransfer
5626,1627,25-02-25,1411.76,CreditCard
5627,1628,15-04-25,473.98,CreditCard
5628,1629,02-05-25,843.25,CreditCard
5629,1630,29-04-25,1004.47,PayPal
5630,1631,24-01-25,339.49,CreditCard
5631,1632,16-01-25,61.66,Cash
5632,1633,30-04-25,661.26,PayPal
5633,1634,13-01-25,538.35,CreditCard
5634,1635,09-03-25,160.5,BankTransfer
5635,1636,20-01-25,777.92,CreditCard
5636,1637,01-02-25,270.63,CreditCard
5637,1638,25-01-25,548.61,Cash
5638,1639,22-03-25,119.84,Cash
5639,1640,11-03-25,150.13,Cash
5640,1641,02-02-25,345.72,CreditCard
5641,1642,16-04-25,601.26,Cash
5642,1643,16-02-25,548.39,BankTransfer
5643,1644,04-02-25,61.66,BankTransfer
5644,1645,14-04-25,250.71,BankTransfer
5645,1646,22-02-25,463.05,CreditCard
5646,1647,12-01-25,181.5,Cash
5647,1648,19-02-25,595.96,PayPal
5648,1649,21-02-25,775.95,PayPal
5649,1650,02-03-25,296.61,PayPal
5650,1651,14-03-25,895.56,PayPal
5651,1652,03-02-25,253.11,CreditCard
5652,1653,02-04-25,327.53,CreditCard
5653,1654,31-01-25,272.25,Cash
5654,1655,09-02-25,291.93,CreditCard
5655,1656,29-03-25,332.37,PayPal
5656,1657,17-04-25,129.03,PayPal
5657,1658,21-04-25,240.1,BankTransfer
5658,1659,12-01-25,363.24,Cash
5659,1660,27-03-25,489.19,BankTransfer
5660,1661,20-04-25,37.9,BankTransfer
5661,1662,26-03-25,360.39,BankTransfer
5662,1663,10-04-25,406.98,PayPal
5663,1664,07-01-25,543.62,CreditCard
5664,1665,14-01-25,439.17,Cash
5665,1666,23-02-25,1408.83,CreditCard
5666,1667,18-02-25,543.16,PayPal
5667,1668,18-02-25,261.57,PayPal
5668,1669,14-03-25,563.31,CreditCard
5669,1670,02-03-25,985.18,PayPal
5670,1671,09-01-25,1296.14,BankTransfer
5671,1672,23-03-25,445.01,Cash
5672,1673,03-01-25,825.71,BankTransfer
5673,1674,31-03-25,160.5,Cash
5674,1675,23-01-25,474.98,PayPal
5675,1676,12-01-25,435.93,BankTransfer
5676,1677,07-03-25,92.49,Cash
5677,1678,19-04-25,684.73,BankTransfer
5678,1679,27-02-25,588.22,BankTransfer
5679,1680,25-03-25,305.76,PayPal
5680,1681,12-04-25,61.66,BankTransfer
5681,1682,13-02-25,321.97,Cash
5682,1683,16-03-25,212.49,CreditCard
5683,1684,22-04-25,274.11,BankTransfer
5684,1685,15-01-25,59.92,BankTransfer
5685,1686,25-04-25,254.07,BankTransfer
5686,1687,10-03-25,534.19,CreditCard
5687,1688,30-04-25,179.76,PayPal
5688,1689,06-01-25,123.44,PayPal
5689,1690,31-01-25,174.38,CreditCard
5690,1691,28-01-25,716.43,BankTransfer
5691,1692,26-04-25,942.08,BankTransfer
5692,1693,23-04-25,610.85,Cash
5693,1694,31-03-25,779.05,CreditCard
5694,1695,26-04-25,655.8,PayPal
5695,1696,15-03-25,179.76,PayPal
5696,1697,02-03-25,92.49,PayPal
5697,1698,04-02-25,810.89,PayPal
5698,1699,08-01-25,139.52,BankTransfer
5699,1700,01-05-25,496.7,PayPal
5700,1701,12-01-25,941.97,CreditCard
5701,1702,31-03-25,277.98,BankTransfer
5702,1703,01-05-25,30.83,PayPal
5703,1704,07-02-25,185.1,PayPal
5704,1705,27-04-25,27.27,PayPal
5705,1706,11-03-25,389,PayPal
5706,1707,16-03-25,1605.6,PayPal
5707,1708,28-03-25,92.49,PayPal
5708,1709,07-01-25,1034.76,Cash
5709,1710,23-01-25,893.86,BankTransfer
5710,1711,29-04-25,598.83,Cash
5711,1712,20-04-25,974.52,Cash
5712,1713,12-02-25,144.75,Cash
5713,1714,04-01-25,240.34,Cash
5714,1715,28-01-25,805.36,PayPal
5715,1716,19-03-25,479.48,BankTransfer
5716,1717,19-01-25,90.21,CreditCard
5717,1718,08-04-25,362.42,BankTransfer
5718,1719,16-04-25,360.18,CreditCard
5719,1720,02-04-25,635.65,Cash
5720,1721,16-04-25,601.34,PayPal
5721,1722,21-02-25,1431.36,PayPal
5722,1723,29-04-25,552.94,Cash
5723,1724,10-01-25,182.7,Cash
5724,1725,09-02-25,1068.52,PayPal
5725,1726,21-01-25,837.85,BankTransfer
5726,1727,14-03-25,116.2,PayPal
5727,1728,01-02-25,335.47,PayPal
5728,1729,15-03-25,270.63,CreditCard
5729,1730,19-04-25,735.9,PayPal
5730,1731,19-04-25,816.3,Cash
5731,1732,19-02-25,1182.57,BankTransfer
5732,1733,29-03-25,88.93,CreditCard
5733,1734,27-04-25,695.09,CreditCard
5734,1735,13-03-25,364.98,BankTransfer
5735,1736,14-02-25,905.97,CreditCard
5736,1737,21-02-25,150.71,Cash
5737,1738,07-04-25,239.68,Cash
5738,1739,06-04-25,147.11,CreditCard
5739,1740,20-01-25,385.09,Cash
5740,1741,12-04-25,119.84,CreditCard
5741,1742,01-04-25,696.54,BankTransfer
5742,1743,04-04-25,946.49,CreditCard
5743,1744,12-01-25,119.84,BankTransfer
5744,1745,06-03-25,59.92,Cash
5745,1746,07-04-25,700.75,PayPal
5746,1747,16-02-25,677.67,Cash
5747,1748,08-01-25,212.49,PayPal
5748,1749,15-01-25,119.84,CreditCard
5749,1750,25-02-25,541.14,BankTransfer
5750,1751,30-01-25,144.75,Cash
5751,1752,20-04-25,799.86,Cash
5752,1753,11-01-25,1183.64,CreditCard
5753,1754,15-02-25,272.25,CreditCard
5754,1755,20-03-25,790.16,BankTransfer
5755,1756,10-04-25,59.92,BankTransfer
5756,1757,21-03-25,629.66,BankTransfer
5757,1758,19-03-25,332.37,CreditCard
5758,1759,20-02-25,360.84,CreditCard
5759,1760,12-04-25,650.89,Cash
5760,1761,11-02-25,681.03,Cash
5761,1762,04-01-25,535.5,Cash
5762,1763,25-03-25,605.36,BankTransfer
5763,1764,04-02-25,367.37,Cash
5764,1765,13-04-25,1346.23,Cash
5765,1766,01-03-25,351.83,Cash
5766,1767,04-03-25,381.41,CreditCard
5767,1768,01-02-25,700.33,CreditCard
5768,1769,17-02-25,321,CreditCard
5769,1770,12-03-25,200.74,PayPal
5770,1771,02-05-25,921.91,Cash
5771,1772,19-02-25,606.05,CreditCard
5772,1773,26-02-25,307.53,Cash
5773,1774,25-01-25,110.53,CreditCard
5774,1775,30-03-25,297.9,Cash
5775,1776,18-03-25,450.52,CreditCard
5776,1777,26-03-25,30.83,PayPal
5777,1778,18-02-25,112.64,BankTransfer
5778,1779,11-01-25,61.66,BankTransfer
5779,1780,10-04-25,85.37,CreditCard
5780,1781,23-03-25,421.18,Cash
5781,1782,08-02-25,423.81,BankTransfer
5782,1783,15-04-25,733.83,BankTransfer
5783,1784,02-02-25,340.92,PayPal
5784,1785,03-04-25,328.73,Cash
5785,1786,10-01-25,364.98,BankTransfer
5786,1787,12-01-25,642,BankTransfer
5787,1788,04-02-25,270.63,PayPal
5788,1789,22-01-25,59.92,BankTransfer
5789,1790,20-02-25,54.54,Cash
5790,1791,03-04-25,758.39,PayPal
5791,1792,12-04-25,752.13,CreditCard
5792,1793,24-03-25,845.02,BankTransfer
5793,1794,22-01-25,306.26,PayPal
5794,1795,06-04-25,363.24,BankTransfer
5795,1796,19-02-25,312.65,CreditCard
5796,1797,12-02-25,202.49,Cash
5797,1798,17-02-25,827.08,Cash
5798,1799,16-01-25,496.56,PayPal
5799,1800,13-01-25,1306.43,PayPal
5800,1801,02-01-25,515.53,Cash
5801,1802,02-05-25,27.27,BankTransfer
5802,1803,10-02-25,510.31,BankTransfer
5803,1804,26-02-25,487.45,PayPal
5804,1805,17-02-25,563.81,CreditCard
5805,1806,08-04-25,277.83,PayPal
5806,1807,06-02-25,306.23,BankTransfer
5807,1808,16-01-25,58.1,BankTransfer
5808,1809,19-01-25,430.36,PayPal
5809,1810,13-01-25,452.21,CreditCard
5810,1811,24-01-25,338.96,CreditCard
5811,1812,25-02-25,37.9,Cash
5812,1813,28-02-25,559.55,PayPal
5813,1814,15-03-25,822.42,BankTransfer
5814,1815,15-03-25,328.97,BankTransfer
5815,1816,08-03-25,1229.79,PayPal
5816,1817,23-02-25,303.2,CreditCard
5817,1818,16-01-25,562.14,BankTransfer
5818,1819,06-01-25,488.36,CreditCard
5819,1820,13-01-25,355.92,PayPal
5820,1821,16-02-25,557.57,CreditCard
5821,1822,12-03-25,481.5,PayPal
5822,1823,14-01-25,92.61,BankTransfer
5823,1824,18-03-25,205.77,Cash
5824,1825,18-03-25,721.26,PayPal
5825,1826,11-04-25,241.42,PayPal
5826,1827,12-02-25,211.25,PayPal
5827,1828,21-04-25,739.34,CreditCard
5828,1829,20-02-25,184.98,PayPal
5829,1830,02-01-25,275.43,Cash
5830,1831,08-02-25,702.1,Cash
5831,1832,24-02-25,92.61,PayPal
5832,1833,20-02-25,1150.41,PayPal
5833,1834,12-04-25,457.59,Cash
5834,1835,13-01-25,433.43,Cash
5835,1836,05-04-25,54.54,BankTransfer
5836,1837,28-04-25,609.67,BankTransfer
5837,1838,14-03-25,879.55,Cash
5838,1839,27-04-25,187.77,BankTransfer
5839,1840,01-02-25,359.64,BankTransfer
5840,1841,17-03-25,655.92,BankTransfer
5841,1842,08-03-25,568.05,PayPal
5842,1843,23-01-25,223.17,PayPal
5843,1844,31-03-25,1026.15,PayPal
5844,1845,18-02-25,305.06,Cash
5845,1846,24-01-25,402.81,BankTransfer
5846,1847,18-01-25,272.91,PayPal
5847,1848,06-02-25,277.83,BankTransfer
5848,1849,10-02-25,336.24,PayPal
5849,1850,05-02-25,1191.43,BankTransfer
5850,1851,07-03-25,180.42,CreditCard
5851,1852,20-01-25,387.63,Cash
5852,1853,10-01-25,723.81,Cash
5853,1854,22-01-25,385.84,PayPal
5854,1855,25-02-25,804.84,Cash
5855,1856,07-02-25,119.84,CreditCard
5856,1857,24-02-25,561.34,Cash
5857,1858,10-02-25,543.16,PayPal
5858,1859,03-03-25,504.54,BankTransfer
5859,1860,11-04-25,27.27,BankTransfer
5860,1861,12-01-25,54.54,BankTransfer
5861,1862,18-02-25,267.03,CreditCard
5862,1863,04-02-25,540.06,Cash
5863,1864,02-05-25,952.58,PayPal
5864,1865,02-02-25,261.57,PayPal
5865,1866,05-04-25,119.84,Cash
5866,1867,23-03-25,715.64,BankTransfer
5867,1868,06-03-25,507.52,PayPal
5868,1869,20-03-25,63.81,Cash
5869,1870,20-03-25,329.89,BankTransfer
5870,1871,26-01-25,673.73,CreditCard
5871,1872,02-03-25,1041.29,BankTransfer
5872,1873,16-01-25,481.46,CreditCard
5873,1874,18-01-25,321,CreditCard
5874,1875,10-02-25,549.84,Cash
5875,1876,03-01-25,866.02,PayPal
5876,1877,22-02-25,212.33,PayPal
5877,1878,12-02-25,975.14,PayPal
5878,1879,18-04-25,366.72,CreditCard
5879,1880,23-03-25,365.64,Cash
5880,1881,20-02-25,460.14,CreditCard
5881,1882,14-04-25,54.54,CreditCard
5882,1883,21-04-25,626.9,Cash
5883,1884,14-02-25,515.65,Cash
5884,1885,27-02-25,179.76,Cash
5885,1886,14-02-25,61.66,Cash
5886,1887,25-02-25,773.13,BankTransfer
5887,1888,15-04-25,922.49,CreditCard
5888,1889,17-04-25,360.84,BankTransfer
5889,1890,21-04-25,535.42,Cash
5890,1891,26-03-25,481.5,Cash
5891,1892,18-03-25,277.83,PayPal
5892,1893,19-01-25,775.34,Cash
5893,1894,08-02-25,292.7,PayPal
5894,1895,12-02-25,172.02,CreditCard
5895,1896,20-03-25,542.95,Cash
5896,1897,30-03-25,1174.71,BankTransfer
5897,1898,26-01-25,601.75,CreditCard
5898,1899,05-03-25,270.63,CreditCard
5899,1900,12-02-25,818.35,BankTransfer
5900,1901,23-01-25,732.75,PayPal
5901,1902,20-02-25,717.58,CreditCard
5902,1903,10-02-25,465.6,BankTransfer
5903,1904,08-02-25,81.81,BankTransfer
5904,1905,05-04-25,495.09,BankTransfer
5905,1906,30-03-25,205.25,PayPal
5906,1907,23-03-25,744.89,Cash
5907,1908,04-03-25,703.65,PayPal
5908,1909,16-03-25,160.5,CreditCard
5909,1910,13-04-25,601.38,PayPal
5910,1911,03-02-25,809.46,BankTransfer
5911,1912,13-02-25,179.76,PayPal
5912,1913,19-02-25,1051.58,PayPal
5913,1914,07-02-25,1142.21,PayPal
5914,1915,16-04-25,494.55,CreditCard
5915,1916,13-04-25,493.68,CreditCard
5916,1917,22-02-25,750.75,CreditCard
5917,1918,17-02-25,27.27,BankTransfer
5918,1919,15-01-25,242.62,BankTransfer
5919,1920,02-05-25,180.42,PayPal
5920,1921,16-03-25,297.9,PayPal
5921,1922,26-01-25,598.98,Cash
5922,1923,17-03-25,1087.45,PayPal
5923,1924,13-03-25,573.82,BankTransfer
5924,1925,25-01-25,632.55,Cash
5925,1926,30-03-25,598.71,CreditCard
5926,1927,11-04-25,24.36,CreditCard
5927,1928,13-03-25,641.3,PayPal
5928,1929,05-01-25,577.51,PayPal
5929,1930,04-04-25,279.04,Cash
5930,1931,01-03-25,362.88,Cash
5931,1932,01-05-25,165.02,BankTransfer
5932,1933,01-04-25,708.18,Cash
5933,1934,29-01-25,387.29,CreditCard
5934,1935,28-02-25,691.93,CreditCard
5935,1936,15-04-25,369.79,BankTransfer
5936,1937,09-02-25,860.32,Cash
5937,1938,19-04-25,185.22,PayPal
5938,1939,31-03-25,948.37,BankTransfer
5939,1940,09-01-25,693.95,Cash
5940,1941,15-04-25,317.85,BankTransfer
5941,1942,21-04-25,1159.59,Cash
5942,1943,13-04-25,435.09,Cash
5943,1944,13-04-25,632.19,CreditCard
5944,1945,23-02-25,196.27,CreditCard
5945,1946,29-03-25,389,CreditCard
5946,1947,06-03-25,822.01,Cash
5947,1948,20-01-25,27.27,Cash
5948,1949,24-03-25,684.84,Cash
5949,1950,09-02-25,418.36,CreditCard
5950,1951,02-02-25,660.49,CreditCard
5951,1952,02-02-25,1017.53,CreditCard
5952,1953,27-03-25,270.63,PayPal
5953,1954,22-01-25,492.87,BankTransfer
5954,1955,04-04-25,1126.83,CreditCard
5955,1956,26-02-25,530.82,CreditCard
5956,1957,12-04-25,753.57,BankTransfer
5957,1958,19-02-25,368.04,PayPal
5958,1959,11-01-25,467.07,CreditCard
5959,1960,01-03-25,54.54,Cash
5960,1961,20-03-25,598.59,PayPal
5961,1962,05-03-25,112.02,BankTransfer
5962,1963,18-03-25,261.57,CreditCard
5963,1964,21-02-25,1100.78,CreditCard
5964,1965,11-03-25,92.61,PayPal
5965,1966,06-03-25,150.13,BankTransfer
5966,1967,29-04-25,395.34,PayPal
5967,1968,29-04-25,431.13,PayPal
5968,1969,24-04-25,587.09,CreditCard
5969,1970,30-03-25,394.03,Cash
5970,1971,23-02-25,693.64,CreditCard
5971,1972,12-03-25,675.14,CreditCard
5972,1973,05-01-25,485.99,BankTransfer
5973,1974,12-04-25,1468.29,Cash
5974,1975,16-02-25,27.27,BankTransfer
5975,1976,01-04-25,413.49,CreditCard
5976,1977,25-04-25,427.3,PayPal
5977,1978,16-04-25,512.59,PayPal
5978,1979,12-03-25,1189.79,BankTransfer
5979,1980,19-03-25,926.45,BankTransfer
5980,1981,23-03-25,353.98,BankTransfer
5981,1982,29-04-25,92.61,CreditCard
5982,1983,12-01-25,452.21,Cash
5983,1984,15-01-25,558.17,BankTransfer
5984,1985,09-04-25,185.22,Cash
5985,1986,02-02-25,179.76,CreditCard
5986,1987,28-03-25,597.42,Cash
5987,1988,27-03-25,160.5,Cash
5988,1989,15-02-25,608.38,PayPal
5989,1990,22-01-25,54.54,CreditCard
5990,1991,24-03-25,545.4,PayPal
5991,1992,21-03-25,330.43,CreditCard
5992,1993,06-01-25,280.34,BankTransfer
5993,1994,14-03-25,120.66,BankTransfer
5994,1995,26-03-25,360.84,Cash
5995,1996,29-03-25,701.82,BankTransfer
5996,1997,25-03-25,840.9,BankTransfer
5997,1998,21-02-25,982.18,CreditCard
5998,1999,08-04-25,110.53,PayPal
5999,2000,12-02-25,92.49,Cash
